ID,Name,Number_of_Ratings,Average_Rating,Difficulty,Take Again
2510713,Mustafa Abadan,0,0.0,0,-1
1053274,Salam Abdus,10,2.5,1.9,-1
2700057,Nidaa Aboulhosn,0,0.0,0,-1
183393,John Abowd,88,3.1,2.4,-1
179459,Hector Abruna,35,2.1,4,5.2632
277351,Dorit Abusch,11,2.0,3.5,0
2652833,Hom Acharya,0,0.0,0,-1
2478003,Jayadev Acharya,3,4.0,3.3,75
2770742,Gerard Aching,1,4.0,3,0
2350501,Aaron Adalja,0,0.0,0,-1
2729553,Bert Adams-Kucik,0,0.0,0,-1
2533441,Jawad Addoum,1,5.0,2,100
1137104,Leslie Adelson,3,5.0,3,100
1515016,Adeolu Ademoyo,5,4.1,1.2,-1
533286,Lee Adler,10,4.3,3,100
2018702,Nick Admussen,7,4.7,2.6,100
972858,Ehsan Afshari,6,3.8,4.8,-1
2349331,Jennifer Agans,8,1.2,3.4,0
2209130,Rachit Agarwal,22,3.1,3.9,56.5217
996579,Muna Aghawani,3,4.8,2.7,-1
1192249,Anurag Agrawal,10,4.8,2.1,100
813551,David Agruss,4,1.0,3.8,-1
1987323,Marcelo  Aguiar,7,5.0,3.2,100
454422,Fred Ahl,23,4.2,3.7,100
539420,Sharon Ahlers,7,3.9,2.7,-1
2693067,Nooshin Ahmadi,0,0.0,0,-1
2651358,Chloe Ahmann,3,4.3,3,100
2747143,Andrew Ahn,1,4.0,3,100
1006278,Beth Ahner,3,4.2,2.3,-1
2373067,Ifeoma Ajunwa,8,4.6,3.2,100
2371005,Esra Akcan,0,0.0,0,-1
2490658,Bilal Al-Omar,6,5.0,3,100
2627222,Jomarie Alano,1,5.0,3,100
2341913,John Albertson,0,0.0,0,-1
1582680,David Albonesi,21,4.1,3,85.7143
2404587,Ruben Alcolea,0,0.0,0,-1
1176351,Jim Alexander,11,4.6,3.8,100
2461887,Terence Alexander,9,4.4,2.9,88.8889
1090802,Annetta Alexandridis,10,2.7,4,-1
414493,Ti Alkire,18,4.5,2.5,80
2282033,Jeremy Allen,23,4.9,3.5,100
521590,Lauren Alleyne,4,3.1,3.2,100
72067,Rick Allmendinger,13,4.6,3.4,100
202198,Warren Allmon,16,4.3,3.1,100
2403811,Shorna Allred,0,0.0,0,-1
733479,James Almy,6,2.9,3.5,-1
2603649,Craig Altier,0,0.0,0,-1
9723,Glenn Altschuler,31,3.5,2.7,0
2576930,Steven Alvarado,1,2.0,3,0
2234527,Lorenzo Alvisi,25,2.3,4.3,36
2127911,Mike Amburgh,1,5.0,2,-1
428168,Silvia Amigo-Silvestre,25,3.7,3.7,72.7273
1997355,Nandini Ananth,9,4.4,4.2,100
1713801,Sutee Anantsuksomsri,1,4.5,2,-1
970196,William Anderson,6,2.0,4.5,-1
1066240,C. Lindsay Anderson,13,4.7,2.6,100
1489692,Christopher Anderson,3,3.2,3.7,-1
2039670,Adam Anderson,1,5.0,3,100
2537320,Benjamin Anderson,1,5.0,3,100
2670259,Nozomi Ando,1,5.0,3,100
2621198,Giulia Andreoni,1,5.0,2,100
2667971,Eleanor Andrews,2,3.0,3,50
1570051,Chris Andronicos,4,3.7,4,100
2201815,Kristen Angierski,6,4.5,2.7,66.6667
2510560,Sarosh Anklesaria,0,0.0,0,-1
1699431,Horakova Anna,2,5.0,2,-1
2583076,James Antaki,1,2.0,3,0
1133949,Brad Anton,6,4.0,4,0
520184,Tatiyana Apanasovich,11,3.2,3.4,50
1171082,Ronald Appelgate,1,4.0,3,-1
1891360,Catherine Appert,4,2.9,3.5,50
267955,Ron Applegate,24,4.3,2.4,90
1223007,Judith Appleton,6,3.2,3.7,-1
181677,Alyssa Apsel,14,3.1,4.1,-1
534212,Chip Aquadro,9,4.2,2.8,66.6667
1178053,Wilkins Aquino,2,3.5,3,-1
454416,Adam Arcadi,15,4.5,2.1,100
2660726,Jason Archbold,1,1.0,3,0
1005139,Lynden Archer,10,3.5,3.9,100
272878,Tomas Arias,51,4.3,3.4,92.3077
2040113,Diego Arias-Fuentes,8,5.0,2.7,100
324101,William Arion,1,5.0,2,-1
2261633,Ludmilla Aristilde,4,3.0,3.2,75
315143,Jim Armstrong,6,4.2,3.7,-1
2303536,Kacie Armstrong,1,5.0,3,100
1952163,Kathy  Arnink,7,3.4,1.7,100
2222049,Kathleen Arnink,2,4.5,1.5,100
2698257,Yoav Artzi,1,1.0,5,0
1486736,Michael Ashkin,2,4.8,1,-1
2653680,Anum Asi,1,5.0,3,100
2364127,Esra Askan,0,0.0,0,-1
2654523,N'Drie Assie-Lumumba,1,3.0,2,0
181331,Dieter Ast,56,1.6,4.1,-1
1516707,Tulay Atak,2,5.0,4,-1
2518692,Emad Atiq,0,0.0,0,-1
1889763,Kevin Attell,4,3.7,2.5,66.6667
2542024,Toby Ault,6,4.2,1.7,66.6667
873434,Tom Avedisian,10,3.7,3,100
204717,Rosemary Avery,53,3.7,3.8,33.3333
1884518,Salman Avestimeh,4,2.0,3.5,25
2313965,Ariel Avgar,4,5.0,2.8,100
2612289,Lisa Avron,0,0.0,0,-1
2367030,Yimon Aye,6,1.8,4.7,33.3333
1775244,Phillip Ayoub,1,5.0,2,-1
987883,Iwan Azis,10,3.2,3.5,100
2557488,Christine Bacareza Balance,1,5.0,3,100
120016,Sam Bacharach,3,4.3,1.7,-1
2702779,Ewa Bachminska,3,4.0,2,66.6667
2437845,Andrea Bachner,3,3.3,2,66.6667
1000331,Allen Back,26,2.2,3.4,16.6667
1837935,Matt Backus,2,5.0,3.5,-1
9722,Antje Baeumner,26,2.7,3.5,-1
1323256,Mihai Bailesteanu,2,4.8,2.5,-1
172666,Graeme Bailey,78,3.8,3.8,16.6667
2209795,Warren Bailey,2,4.5,3.5,100
2652172,Diane Bailey,1,3.0,2,0
1134053,Mark Bain,9,4.7,2.8,-1
2651958,Timothy Baird,0,0.0,0,-1
1172109,Tea Bajraktarevic,6,4.1,2,-1
235330,Shefford Baker,22,3.5,3.9,75
1515246,Owen Baker,3,3.0,3,-1
2148070,Kavita Bala,2,3.3,2,100
1485929,Katia Balassiano,0,0.0,0,-1
1515254,Susie Ball,1,5.0,1,-1
2352814,Peter Ballman,0,0.0,0,-1
2298621,Siddhartha Banerjee,3,2.0,3.7,33.3333
685439,Anindita Banerjee,14,3.8,2.5,100
384043,Ed Baptist,16,4.1,3.4,50
323893,Talia Bar,35,3.7,3.3,-1
271154,Michela Baraldi,23,4.8,1.7,100
391602,Dan Barbasch,21,2.3,3.5,0
1983523,Daniel Barbash,9,3.1,4.6,57.1429
768139,Pat Barclay,5,4.9,2.6,-1
2462000,Dana Bardolph,1,5.0,3,100
2411409,Laura Barre,4,3.7,4,50
263775,Chris Barrett,26,4.7,2.8,0
1721146,Caitlin Barrett,8,4.7,2.5,100
2607826,Andy Barrientos-Gomez,1,4.0,3,100
2686907,Joeva Barrow,0,0.0,0,-1
278508,Levon Barseghyan,44,4.0,2.3,-1
2145795,Estela Bartol Martín,3,5.0,3.7,100
132526,James Bartsch,10,4.6,2,-1
2278644,Panle Barwick,1,1.0,3,0
2360280,John Barwick,5,3.2,4.6,60
2400235,Jeremy Baskin,1,5.0,4,100
270546,Andrew Bass,9,3.9,2.7,-1
1850264,Ernesto Bassi,4,4.0,2.8,100
188471,Kaushik Basu,30,4.0,3,75
2367493,Arnab Basu,9,4.2,2.7,88.8889
195568,Alaka Basu,12,3.5,2.8,42.8571
2494769,David Bateman,7,4.4,3.4,85.7143
362614,Carl Batt,6,2.6,2.7,66.6667
1850817,Rosemary Batt,10,4.6,3.1,100
2490246,Nick Battaglia,0,0.0,0,-1
2662376,Marco Battaglini,1,4.0,3,100
1908365,Christopher Batten,13,5.0,3.4,100
247163,Kora Battig Von Wittelsbach,59,4.0,3.3,89.2857
476067,Roger Battistella,7,3.4,2.3,-1
1882440,Taryn Bauerle,11,4.0,3.3,85.7143
776728,Sherene Baugher,21,4.5,3,100
2667272,Fatma Baytar,1,3.0,4,100
1331911,Ivan Bazarov,8,3.0,4.4,50
2114336,Natalie Bazarova,3,3.3,3.7,50
1685882,Rachel Bean,3,4.2,2.7,-1
1903979,Victoria Beard,6,2.4,3.3,0
2607823,Diane Beckwith,1,5.0,3,100
348358,Barbara Bedford,5,5.0,2.4,-1
462403,Penny Beebe,5,3.5,3.2,-1
1149876,Lauren Beeley,1,5.0,2,-1
2093083,Zeshawn Beg,8,3.5,3.3,66.6667
809592,Tadhg Begley,8,3.3,4,0
628878,Adele Bekerie,10,2.9,1.7,-1
1802321,David Belanger,1,5.0,2,-1
2531299,Elena Belavina,7,2.7,2.8,42.8571
259659,John Belina,28,4.6,2.7,-1
2747472,James Belk,3,5.0,3.3,100
120591,Alan Bell,15,4.4,3.1,-1
1955275,Elena  Belogolovsky,10,3.5,2.1,0
2766227,Michele Belot,0,0.0,0,-1
247196,Daryl Bem,20,3.7,3.1,-1
909053,J Bemstock,2,2.5,4,-1
1201013,David Ben Daniel,2,4.8,2,-1
344136,Alexander Bendikov,0,0.0,0,-1
1918823,Adam Bendorf,1,5.0,4,-1
1331151,Daniel Benjamin,8,4.8,2.5,-1
1037773,Karen Bennett,18,4.6,2.8,100
1673697,Nolan Bennett,3,5.0,3,-1
2471497,Steve Bennoun,8,1.0,4.3,0
1997075,Richard Bensel,8,4.2,2.5,50
2703373,Austin Benson,1,5.0,4,100
1149558,Antonio Bento,0,0.0,0,-1
2072497,Christopher Berardino,10,4.5,2.7,88.8889
527943,Yuri Berest,28,2.8,3.1,41.6667
185783,Mabel Berezin,21,3.2,2.3,0
559587,Anne Berger,4,4.6,2.8,-1
1210017,Jane Berger,5,3.6,2,-1
1862219,Jeffrey Bergfalk,5,4.4,2.6,100
2696791,Elizabeth Berliner,0,0.0,0,-1
3939,Judy Bernstock,27,3.8,2.3,100
2461891,Daniel Berry,6,3.2,2.8,50
1427387,Jim Berry,9,3.7,2.8,100
1317240,Anna Bertiger,3,1.0,4.3,-1
437738,Roberto Bertoia,11,3.5,3.3,100
1214084,Gregory Besharov,39,3.2,3.6,80
1727309,Marya Besharov,6,4.3,1.7,100
2701278,Sarah Besky,3,3.3,4,33.3333
1020320,Tomas Bevia,19,4.5,3.6,71.4286
1320090,Monica Bevia,17,4.8,2.8,100
267371,Klaus Beyenbach,3,4.7,2.7,-1
2444174,Rachel Bezner Kerr,2,3.5,2.5,50
1645627,Bhaswati Bhattacharya,1,5.0,4,-1
603952,Sunil Bhave,8,3.6,2.5,-1
2147295,Francesco Bianchi,1,2.5,3,-1
702646,Breton Bienvenue,22,4.3,2.6,-1
870327,Louis Billera,3,3.5,3.3,-1
2775732,David Bindel,0,0.0,0,-1
351711,Ken Birman,30,3.2,2.5,50
1235032,Jeremy Birnholtz,5,3.8,2.8,-1
1846028,Kendra Bischoff,20,4.1,3.1,81.25
2670404,Dina Bishara,2,4.5,2,100
353345,John Bishop,9,2.5,3.2,-1
1053290,Carole Bisogni,3,4.3,2.3,-1
1133026,James Bisogni,4,4.3,1,0
2180660,Eilyan Bitar,3,3.7,4,66.6667
2432458,Adrienne Bitar,4,4.8,2.5,100
1318655,Adam Bjorndahl,2,4.2,2.5,-1
2592304,Theo Black,3,5.0,2.3,100
204511,Anne Blackburn,18,2.2,3.9,-1
2315766,Kristina Blake-Hodek,3,5.0,3.3,100
932507,Garrick Blalock,16,4.0,2,100
2292945,Jeffrey Blanchard,0,0.0,0,-1
134449,Robert Bland,26,3.4,3.2,-1
100797,Jim Blankenship,43,4.1,3.6,50
916249,Colin Bleak,4,3.4,3,-1
1962890,Stephen Bloom,1,5.0,2,100
2341967,Kevin Bloomfield,4,3.8,3,75
215362,Larry Blume,34,1.5,3.8,0
1053261,John Blume,4,4.2,3.5,-1
1514160,Aaron Bodoh-Creed,1,1.5,4,-1
1048755,Stephen Boedo,4,3.8,3.8,-1
731848,Vicki Bogan,28,2.8,3.3,22.2222
183745,Lynda Bogel,20,3.9,2.4,-1
767187,Rick Bogel,6,4.2,3.8,-1
1901563,Dennis Bogusz,1,4.5,3,-1
1997239,Vanessa  Bohns,15,4.8,2.2,100
132597,Adam Bojanczyk,22,2.8,2.8,50
1623970,Lawrence Bonassar,4,4.1,3.3,-1
2663821,Brittany Bond,2,5.0,2.5,100
2225251,David Bonter,1,5.0,3,100
950905,Ronald Booker,20,2.2,3.5,0
1474583,Captain Boomswing,1,4.0,1,-1
2354261,Christopher Boone,8,4.5,3.1,87.5
2417912,James Booth,3,2.7,4,0
296093,Richard Booth,17,2.9,3.7,20
2658387,Andy Borum,2,5.0,3.5,100
953650,Bruno Bosteels,15,2.2,3.5,-1
2659467,Stephanie Bostic,0,0.0,0,-1
2456133,Daria Bottan,2,3.0,3.5,50
2422585,Nicolas Bottan,2,4.0,3.5,100
134355,Daniel Boucher,57,3.3,3.1,46.6667
2241233,Wally Boudry,2,3.5,3.5,50
2339027,Walter Boudry,0,0.0,0,-1
1329394,Danier Bouza,5,4.5,4,-1
761882,John Bowers,4,1.1,3.8,-1
1094316,Kimberly Bowes,4,4.0,2.5,-1
207928,Dwight Bowman,20,4.2,2.9,-1
1458626,Cynthia Bowman,1,5.0,1,-1
1946753,Jonathan Boyarin,2,2.3,2,0
1524335,Carole Boyce Davies,4,3.7,2.8,100
204062,Richard Boyd,17,3.1,2.5,-1
202464,George Boyer,39,4.5,2.7,80
2109847,Anne Bracy,43,3.0,4,52.5
1423180,Jeremy Braddock,8,3.9,2.6,100
2688279,John Brady,0,0.0,0,-1
852473,Charles Brainerd,8,2.3,3.5,75
2185911,Maria Bramati,2,3.0,3.5,50
2697020,Giulia Brancaccio,1,2.0,4,0
381056,Ross Brann,24,4.5,2.3,100
990890,Patsy Brannon,11,4.2,3.2,-1
1244934,Matt Brashears,8,4.3,1.9,-1
1020285,Tad Brennan,17,4.2,2.7,62.5
1629987,Anthony Bretscher,15,4.1,3.1,100
1561761,Andrew D Bridson,2,2.2,1,-1
2715722,Charles Brittain,0,0.0,0,-1
609742,Kate Bronfenbrenner,18,3.3,3.4,83.3333
1252117,Samantha Brooks,7,2.5,3.1,-1
1478260,Nancy Brooks,8,2.5,3.5,0
625329,Dan L. Brown,7,4.1,2.4,-1
815214,David Brown,3,4.5,1.7,-1
1961967,Alex Brown,0,0.0,0,-1
2364512,Laura Brown,3,5.0,2.7,100
369497,Larry Brown,27,2.9,2.5,50
1162700,Judith Brownell,4,3.3,2.3,100
449436,Lawrence Bruce-Robertson,8,4.1,3.1,-1
2508691,Michael Bryant,2,4.5,3,100
2258419,Nicolas Buchon,30,4.4,3.8,93.3333
240959,Susan Buck-Morss,15,3.0,3,-1
2236714,Daniel Buckley,4,5.0,2.8,100
2386902,Dylan Bugden,3,1.7,4,0
1156980,Eliza Buhrer,2,4.5,1.5,-1
1997297,Nathan Bulthuis,6,4.6,3.5,100
1839685,Happiness Bulugu,3,4.8,1,100
2074100,Florentina Bunea,14,2.7,3.1,25
1235031,John Bunge,8,4.7,1.9,100
1827456,Austin Bunn,4,3.3,2.8,50
349936,Richard Burkhauser,90,2.5,2.8,100
1348749,Anthony Burrow,11,4.6,2.4,80
1489756,Mary Burton,0,0.0,0,-1
2101286,Diane Burton,6,1.8,3.2,25
1654092,Jonathan Butcher,2,3.5,3.5,100
1382550,Judith Byfield,7,2.5,3.3,0
2603835,Christopher Byrne,2,5.0,3.5,100
1242827,Sahara Byrne,18,4.8,2.1,100
289759,K Bingham Cady,15,2.3,2.8,-1
2326373,Kathryn Caggiano,3,3.7,4,66.6667
2612419,Marina Caillaud,8,4.5,2.5,100
2641430,Marty Cain,3,5.0,2.3,100
166526,John Callister,119,3.5,2,31.8182
486738,Cynthia Camp,4,4.0,3,-1
2659927,Andrew Campana,0,0.0,0,-1
1919764,Thomas Campanella,9,2.7,2.9,75
131125,Timothy Campbell,3,3.0,3.8,100
746641,Darlene Campbell,28,3.7,3.9,80
2164970,Mark Campbell,1,5.0,5,100
2756986,Angelina Campos,0,0.0,0,-1
654959,Linda Canina,12,3.8,3.6,0
2457365,Xiadong Cao,0,0.0,0,-1
1603600,Xiaodong Cao,7,1.8,3.4,0
2523229,Marseille Cardie,1,5.0,2,100
521940,Claire Cardie,12,3.6,2.8,75
134413,Allen Carlson,14,4.2,2.8,100
1782009,Julie Carmalt,12,4.5,1.8,88.8889
525463,Calum Carmichael,7,3.6,3,-1
786994,Vicki Caron,2,3.2,3,-1
1790297,Michael Carpentier,1,4.0,4,-1
655823,Paul Carr,5,2.7,3,-1
1733677,Kevin Carrico,5,4.3,3,-1
2161295,Jason Carrier,2,2.0,3,0
16602,Loretta Carrillo,4,4.2,2.3,-1
2098174,Jennifer Carrington,1,4.0,3,-1
194054,Bill Carroll,13,4.2,2.6,-1
682826,Edoardo Carta,5,4.1,2.6,-1
2295274,Cathy Caruth,4,4.2,2.5,75
182136,Steven Carvell,7,4.4,2.4,66.6667
1592053,Mickey Casad,2,4.5,2.5,-1
1592056,Madeline Casad,2,4.8,2.5,-1
2655357,Daniel Casasanto,0,0.0,0,-1
529941,Marianella Casasola,14,4.4,3.1,80
1985018,Glenn Case,18,3.6,3.8,53.8462
489963,Holly Case,27,4.5,3.6,100
2412701,John Castella,1,5.0,3,100
2678774,Pierre-Elliot (Peter) Caswell,2,1.0,4.5,0
1558429,Larry Cathles,1,5.0,1,-1
1384929,Marie Caudill,10,4.7,3.4,100
1963171,Julieta Caunedo,7,2.9,2.8,50
284247,John Cawley,18,4.3,2.5,100
1954956,Stephen Ceci,2,4.8,3,100
1271124,James Cecil,8,3.5,4.5,-1
138544,Alfred Center,9,3.1,3.9,100
1615656,Richard Cerione,0,0.0,0,-1
131157,Flaminia Cervesi-Mccobb,15,4.5,2.5,100
2570049,Ivaacuten Chaar-Loacutepez,0,0.0,0,-1
1171489,Brian Chabot,2,3.5,3,-1
2478143,Lauren Chambliss,7,3.6,3.1,57.1429
1121281,Garnet Chan,3,4.0,3.3,-1
1002562,Mohit Chandna,5,4.8,2,-1
1940582,Celesta Chang,0,0.0,0,-1
2152010,Julia Chang,1,5.0,2,100
333013,Derek Chang,25,4.0,2,78.5714
2210886,Patrick Charles,2,1.0,3.5,0
2223751,Suzanne Charles,0,0.0,0,-1
2250718,Shami Chatterjee,2,3.5,3,50
2592321,Eshan Chattopadhyay,1,4.0,3,100
195444,Nancy Chau,16,4.1,3.1,100
1943213,Siddhartha Chaudhuri,7,4.5,3.1,-1
2373354,Marie Chazal,4,1.0,4,0
848386,Jian Chen,11,3.6,3,100
856305,Kuei-Chiu Chen,6,3.6,3,-1
921208,Zhihong Chen,14,4.5,3.4,100
1650740,Steven Chen,0,0.0,0,-1
2014598,Tsuhan Chen,1,4.0,1,-1
2137842,Michael Chen,5,4.8,1.6,100
2469827,Yudong Chen,2,3.5,2.5,100
1327333,Peng Chen,13,2.5,3.7,0
1848031,Anca Chereches,2,1.0,5,-1
362355,Debbie Cherney,14,3.4,2.7,33.3333
2762641,David Chernoff,0,0.0,0,-1
2674694,Lisa Chervinsky,1,2.0,2,0
2605229,Jacob Chestnut,1,5.0,3,100
363627,Paul Chew,11,3.2,3.2,-1
1118084,Eric Cheyfitz,10,3.2,3.8,66.6667
460071,Lily Chi,11,3.4,4.1,100
766959,Hsiao-Dong Chiang,6,4.6,2.8,50
657485,George Chigas,3,5.0,2,100
372166,Andrew Chignell,20,4.6,3.4,-1
272265,Paul Chirik,120,4.3,3.4,-1
2670657,Kyuha Cho,2,4.0,3.5,100
145720,Han Cho,18,4.3,3.8,66.6667
2623072,Isabel Choinowski,1,5.0,2,100
2148838,Kenneth Chong,1,4.0,3,100
2191849,Howard Chong,2,5.0,3,100
1781590,Tanzeem Choudhury,4,2.6,2.5,-1
2540538,Jeff Christen,2,5.0,2.5,100
588762,Morten Christiansen,16,4.2,2.9,100
1708344,Susan Christopherson,2,4.5,1.5,-1
195469,Ralph Christy,7,3.8,3,-1
1845231,Hae Chun,1,4.0,2,100
1670292,Hun Chung,0,0.0,0,-1
1419546,Dawn Chutkow,28,4.5,3.3,95.2381
2778947,Nate Cira,0,0.0,0,-1
2255557,Rebekah Ciribassi,0,0.0,0,-1
188821,John Cisne,31,2.9,2,0
2164714,Andrew Clark,1,4.0,5,100
182127,Preston Clark,21,3.0,3.9,-1
2239807,Michael Clarkson,20,4.5,3.6,95.2381
2344093,Todd Clary,6,4.8,3.2,100
2297781,Thomas Cleland,4,3.5,2,75
270626,Kevin Clermont,16,3.3,4.4,-1
2763532,Lucas Clover Alcolea,1,3.0,3,100
191849,Geoff Coates,40,4.4,3.2,-1
134406,Sherman Cochran,13,5.0,3,-1
1852278,Amy Cochran,1,4.0,3,-1
2774025,Lily Codera,0,0.0,0,-1
1723044,Elissa Cogan,3,2.3,3.3,-1
1039532,Dan Cohen,7,4.6,2.4,-1
1534380,Ken Cohen,1,3.0,3,-1
1615814,Paula Cohen,0,0.0,0,-1
2460841,Ethan Cohen,0,0.0,0,-1
2219450,Jodi Cohen,8,3.7,3.1,62.5
1145690,Itai Cohen,9,3.0,2.2,25
2219449,Ananda Cohen-Aponte,1,4.0,3,100
1252981,Abby Cohn,4,5.0,2.3,-1
1805792,Elisha Cohn,6,4.0,2.7,100
2162337,Sherry Colb,0,0.0,0,-1
2177663,Daniel Collins,1,3.0,4,100
2489320,Christopher Collins,0,0.0,0,-1
574475,David Collum,8,3.9,3.3,0
1103014,Manuel Colon-Amador,2,3.2,2.5,-1
1632805,Alexander Colvin,4,4.8,2.5,100
409395,Lance Compa,12,4.7,2.2,100
1740947,Katie Destiny Compton,5,4.8,2,-1
2115392,Eva Conant,0,0.0,0,-1
1865838,Clinton Conley,4,4.2,4,100
235603,Robert Connelly,63,2.3,3.6,33.3333
1655798,Joseph Conrad,1,1.0,3,-1
1841298,Robert Constable,6,1.1,3.7,0
2038032,Mark Constas,0,0.0,0,-1
1025323,Evan Cooch,31,4.8,3.9,100
510644,Kerry Cook,12,3.8,3.2,50
898734,Jack Corgel,8,3.5,4.1,33.3333
1197950,Benjamin Cornwell,28,4.6,1.7,100
1210404,Erin York Cornwell,7,4.3,2.3,66.6667
886906,Duane Corpis,10,4.3,2.9,-1
2467519,Cristina Correa,0,0.0,0,-1
856910,Barbara Correll,14,3.5,3.4,80
2310197,Benjamin Cosgrove,1,5.0,3,100
2500540,Sean Cosgrove,1,4.0,3,100
994559,Dan Cosley,8,3.8,2.5,-1
697599,Sarah Cote,7,4.2,3.4,100
1053934,William Cowdery,3,4.8,1.7,-1
746550,Edwin (todd) Cowen,7,4.0,3.7,100
163099,Jeff Cowie,45,4.1,3.4,100
1328893,Christina Cowman,1,4.0,3,-1
1662921,Rachel Coye,4,4.9,2.3,-1
388964,Ray Craib,13,4.5,2.8,100
650059,Harold Craighead,5,4.6,1.6,-1
216853,Brian Crane,73,3.3,3.4,60
2263224,Stephanie Creary,3,2.3,2.7,33.3333
2702182,Catherine Creighton,0,0.0,0,-1
553625,Adam Crown,4,4.9,2.5,-1
1428752,David Cruz De Jesus,1,1.5,3,-1
483229,Csaba Csaki,7,4.3,3.1,50
1692196,Danielle Cudmore,1,5.0,3,-1
2002943,Verdie Culbreath,5,2.7,3.8,-1
2747142,Oona Cullen,1,5.0,2,100
221941,Jonathan Culler,8,4.1,2.8,0
2542123,Thomas Cunningham,0,0.0,0,-1
1845299,Edward Currie,0,0.0,0,-1
582395,Milton Curry,5,2.7,4.4,-1
1608594,Andrew Curthoys,0,0.0,0,-1
182119,Steven Curtis,6,4.0,3.3,-1
2590525,Paul Curtis,1,2.0,3,0
183398,Richard Curtis,129,2.8,3.3,13.1579
64514,James Cutting,25,3.9,3.8,50
850456,Julia D'Souza,4,2.4,4.3,-1
2381736,James Dabney,1,5.0,4,100
2601781,Iftikhar Dadi,1,5.0,3,100
1999640,Jim Dai,5,3.4,2.6,50
2069697,Irene Daly,0,0.0,0,-1
2473568,Anil Damle,4,5.0,3.5,100
2183281,Christian Danescu,5,4.0,2.6,80
194051,Cletus Daniel,20,4.2,4,-1
1201215,Susan Daniel,12,2.8,3.4,-1
274344,Sheila Danko,15,3.4,2.9,0
249442,Ashim Datta,22,4.5,3,100
369349,Peter Davies,11,3.8,2.5,-1
2733999,Lewis dAvigdor,0,0.0,0,-1
332525,J. C. Séamus Davis,12,4.4,3.2,100
594557,Stuart Davis,18,4.2,2.7,100
2348246,Damek Davis,7,3.5,3.1,57.1429
2454056,Brian Davis,1,1.0,4,0
508817,Floyd Davis,41,3.9,3.1,80
2627091,Abe Davis,2,3.5,3.5,50
2185757,Paul Davis,20,4.2,2.5,90
325066,Paul Dawson,25,1.9,4.1,-1
2686334,Erica Dawson,0,0.0,0,-1
2763541,Ricardo Daziano,1,4.0,3,100
278747,Brett De Bary,4,4.2,2.2,100
542452,Art De Gaetano,10,4.2,2.7,100
1830101,Harry De Gorter,3,3.3,3,50
1151996,Osvaldo De La Torre,3,4.7,2,-1
2106667,Itziar de Rivera,9,4.6,2.4,100
2371500,Chris De Sa,6,4.3,3,100
1344992,Martin De Santos,2,4.0,2,-1
213842,Peter Dear,21,3.6,3.3,50
410780,Dorothy Debbie,4,4.0,3,100
2118689,William DeBenedetti,0,0.0,0,-1
2086331,Newton DeFaria,4,2.0,2.5,25
2379470,Arthur Degaetano,5,4.0,3,80
484851,David Lawrence Deitcher,3,4.7,2.7,100
2480165,Natalie DelBusso,0,0.0,0,-1
132578,David Delchamps,38,4.5,2.8,62.5
2343388,Christina Delimitrou,33,4.9,3.6,100
952516,Matthew Delisa,5,4.2,3.4,50
2518337,Nicola Dell,0,0.0,0,-1
458817,Elizabeth Deloughrey,6,4.5,3.5,-1
2247455,Kelly Delp,17,3.8,3.8,73.6842
442010,R. Keith Dennis,5,3.7,4.4,-1
2337692,Tommaso Denti,4,3.5,4.1,50
1759879,Alan Denton,1,2.0,4,-1
1620806,Louis Derry,3,4.5,3.3,100
1726852,Olivier Desjardins,2,4.3,3,100
2019070,Miloje Despic,7,4.4,2.5,100
1758194,Chekitan Dev,51,4.3,3,93.3333
271614,Ileen DeVault,36,4.6,2.8,88.8889
98670,Tim Devoogd,28,3.0,4,38.4615
843932,Colin Dewey,6,4.0,3.2,-1
184789,Binoy Dharia,7,3.4,3,-1
1734538,Sanjay Dharmavaram,9,4.8,2.6,-1
1329270,Frank Di Slavo,2,3.5,3,-1
2093472,Naminata Diabate,3,4.8,3.3,100
1426658,Peter Diamessis,3,4.5,3,-1
2736551,Kathryn Diaz,0,0.0,0,-1
1579691,William Dichtel,14,4.4,3.4,-1
313701,Tom Diciccio,42,4.2,2,78.2609
620981,Ruediger Dieckmann,6,1.5,4.8,-1
2348727,Brenda Dietrich,8,1.7,4.3,28.5714
1246816,Ronald Dinapoli,3,3.1,2,0
1299719,Francis Disalvo,12,3.6,3.6,-1
2376185,Robert DiStasio,2,5.0,4,100
182133,David Dittman,24,4.0,2.4,-1
1030046,Stephanie Divo,21,4.6,3.4,80
2647310,Virginia Doellgast,2,3.0,3.5,50
2757403,Tobias Doerr,1,5.0,3,100
1136448,Peter Doerschuk,15,2.7,3.5,44.4444
1987186,Park Doing,8,2.6,2.7,20
748822,Laura Donaldson,4,2.4,3.8,-1
2373159,Eve Donnelly,0,0.0,3,100
1050226,Lisa Dragoni,9,3.8,2.3,-1
2282486,Abigail Drake,15,2.8,3,26.6667
1855947,Christopher Drangle,5,4.8,2.2,-1
2607845,Laurie Drinkwater,0,0.0,0,-1
2735928,Yue Du,2,4.5,2.5,100
1081933,Laurent Dubreuil,6,4.2,3,-1
2364846,Bryan Duff,3,1.0,3.7,0
2233171,Brooke Duffy,5,3.6,2.2,60
483234,Gerry Dugan,9,2.6,3.7,-1
2697717,Mathieu Dumouchel,1,4.0,3,100
9787,T. Michael Duncan,53,4.1,3.8,100
1170951,Thomas Duncan,2,5.0,3.5,-1
2111689,Timothy Duncan,0,0.0,0,-1
2037340,James  Dunlea,1,4.5,4,-1
186100,David Dunning,46,3.9,3.7,80
1914359,Travis Duprey,2,5.0,1.5,100
932565,Daniel Duque,5,4.8,2.8,-1
1930119,Lee Dyer,0,0.0,0,-1
1179094,Holly Dygert,1,1.0,4,-1
195461,Brian Earle,23,4.7,1.9,-1
1829783,Corey Ryan Earle,3,4.7,1.3,100
1095683,Christopher Earls,7,4.6,1.9,-1
2045830,Cecilia Earls,9,2.6,3.9,33.3333
187593,David Easley,36,4.3,2.7,100
1024799,Emily Eaton,3,4.3,3.3,-1
560026,Shimon Edelman,24,2.4,2,50
620969,Locksley Edmondson,9,2.8,3.6,-1
1826508,Stevie Edwards,4,2.2,3,-1
235224,Ronald Ehrenberg,25,4.2,2.3,100
2495620,Irene Eibenstein-Alvisi,4,3.8,3.5,75
2767771,Danielle Eiseman,0,0.0,0,-1
328005,Mark Eisner,7,2.4,3.1,-1
334772,Tom Eisner,15,4.6,1.6,-1
1085556,Matti Eklund,4,3.8,3.3,-1
2760033,Ahmed El Alaoui,8,2.0,4.4,25
1965327,Allison Elias,8,4.1,3,100
460231,Jack Elliott,18,3.8,3.4,50
2570718,Lillien Ellis,9,4.8,1.9,100
2755141,Kevin Ellis,0,0.0,0,-1
2618485,Stephen Ellner,0,0.0,0,-1
299858,Parfait Eloundou-Enyegue,14,3.4,1.8,71.4286
272258,Veit Elser,34,3.0,3.6,90
1160413,Susan Ely,3,4.7,4,-1
1962696,Hassan Enayati,2,5.0,3,-1
2351888,James Engstrom,1,5.0,2,100
1176884,Peter Enns,3,5.0,2.7,-1
1083215,Sarah Ensor,3,5.0,4.3,-1
2538397,Jeremy Entner,21,2.0,3.1,33.3333
1882731,Cathy Enz,2,2.8,3.5,0
1172152,Pedro Erber,2,4.8,1.5,-1
2754807,Griffin Erich,1,5.0,1,100
766131,David Erickson,9,2.4,3.7,-1
2561462,Scott Erickson,3,2.7,2,66.6667
1289914,Paul Erickson,1,5.0,3,-1
2669887,Ali Erkan,0,0.0,0,-1
840146,Kevin Ernste,7,4.3,2.1,0
2751328,Juan Escalona Torres,2,5.0,4,100
2565568,Mahdi Esmaily Moghadam,4,3.3,4,50
1282778,Juan Espinosa,3,4.7,3.3,-1
1535449,Lara Estroff,2,3.5,4,-1
461191,Darlene Evans,24,3.5,3.9,100
2602803,Thomas Evans,0,0.0,0,-1
1269627,Gary Evans,29,4.2,2.2,95
2735032,Olivia Evans,1,5.0,1,100
1043721,Tom Evans,31,3.8,3.4,66.6667
804700,Rick Evans,10,2.4,1.9,0
2771291,Jerel Ezell,1,4.0,3,100
1704715,Gregory Ezra,5,3.0,4.4,0
98766,Tim Fahey,39,3.5,2.2,100
1659689,Ziad Fahmy,15,4.2,2.6,83.3333
2337060,Frances Fairbairn,4,4.0,3.8,75
217660,Jane Fajans,23,2.1,2.1,100
268443,Oren Falk,43,2.9,4.3,25
1108287,Louis Falkson,5,2.7,3.6,0
726776,Arthur Falkson,6,4.5,1,100
1667067,Tamra Fallman,3,5.0,2.3,-1
202231,Daisy Fan,131,3.5,3.1,93.5484
2305885,Anna Fang,1,5.0,3,100
2779412,Sean Fath,1,5.0,2,100
342999,A.R. Fatihi,12,3.6,1.9,100
1470173,David Faulkner,8,3.4,3,57.1429
1246460,Elisabeth Fay,2,3.5,3,-1
1705150,David Feathers,1,5.0,2,-1
1353143,Mark Fedyk,4,4.9,3,-1
1384916,Gerry Fegeinson,1,5.0,3,-1
28520,Gerald Feigenson,40,4.6,3.1,62.5
224516,Shelley Feldman,8,1.6,2.1,-1
666666,David Feldshuh,8,5.0,3.7,100
2383768,julia felice,1,5.0,1,100
2625329,Briel Felton,4,4.8,2,100
1315468,Craig Fennie,10,2.8,3.6,100
469291,Melissa Ferguson,6,4.2,2.3,100
376125,Maria Fernandez,10,2.3,3.2,0
2222284,Silvia Ferrari,3,3.3,2,50
1111043,Caroline Ferraris-Besso,5,4.7,2.6,-1
803740,Renate Ferro,10,1.5,2,33.3333
2156646,Nick Fesette,1,5.0,3,100
809948,Joe Fetcho,10,3.7,3.6,-1
2775276,Julie Ficarra,0,0.0,0,-1
202267,Gary Fick,7,3.7,2,-1
539606,David Field,8,4.2,3,100
2659364,Martha Field,2,5.0,4,100
1646833,Brigitte Fielder,1,4.0,1,-1
555374,Thomas Fields,3,5.0,3,100
845700,Gary Fields,17,4.5,2.6,33.3333
1335257,Melissa Figueroa,7,4.0,2.4,-1
758559,Gail Fine,6,2.7,3.3,-1
2081421,Julia Finkelstein,2,3.3,3,0
906975,Barbara Finlay,6,2.6,4,-1
2260632,Oleg Firsin,1,1.0,4,0
1406954,Claudia Fischbach-Teschl,4,3.6,2.8,-1
2339149,Emily Fischer,2,1.0,2.5,0
1337726,K Fisher,1,5.0,1,-1
2416548,Geoffrey Fisher,0,0.0,0,-1
1696049,Elizabeth Fisher,10,4.4,2.6,83.3333
726602,Magnus Fiskesjo,21,2.9,2.1,63.6364
98768,Alex Flecker,15,3.3,2.3,66.6667
2762792,Paul Fleming,0,0.0,0,-1
2438098,Nicholas Fletcher,2,3.5,2,100
2628183,Cristina Florea,4,4.0,3.8,75
1901354,Gustavo Flores-Macias,2,3.8,3.5,-1
1852267,Bruce Fontaine,3,4.3,3,-1
711129,Michael Fontaine,13,4.3,3.3,100
1013846,John Forester,5,4.6,2.4,-1
2117078,Chiara Formichi,5,3.6,3,75
2244690,Brett Fors,11,4.6,3.7,90.9091
1283725,Ann Forsythe,30,2.9,4.2,-1
2290792,Nate Foster,15,4.3,3.6,86.6667
113675,Thomas Fox,44,4.3,3.6,100
2767156,Karlie Fox Knudtsen,1,5.0,4,100
929096,Carl Franck,4,1.9,3,0
180477,Robert Frank,28,3.9,2.5,100
701963,Jason Frank,12,4.5,2.9,66.6667
2478993,Jill Frank,1,4.0,3,100
2658712,Margaret Frank,2,4.0,2,50
1819085,Rossi Frank,8,4.8,1.5,100
2094869,George Frantz,5,4.0,2.4,80
1582068,Peter Frazier,9,4.3,2.1,100
377323,Don Fredericksen,8,4.1,3.1,-1
735793,Jack Freed,13,2.0,4.4,-1
1270047,Matthew Freedman,3,4.7,1.7,-1
2607828,Lewis Freedman,1,4.0,1,100
2255041,Daniel Freund,1,5.0,4,100
2555662,Craig Frey,2,4.5,1.5,100
2102857,Florian Frick,4,5.0,3.5,100
1171,Debra Fried,13,3.6,2.8,-1
1952856,Paul Friedland,18,4.6,3.3,90
1698028,Eli Friedman,10,3.8,3.2,83.3333
2361932,Reid Friedson,5,5.0,3.8,100
1743585,Dana Friend,3,4.0,3,-1
1705396,Walter Frisch,2,5.0,4.5,100
2657247,Giulia Friso,1,4.0,3,100
1300157,Andy Frohmader,5,2.1,3.8,-1
1704512,Christopher Fromme,4,4.4,3,100
851564,Stephen Frug,4,3.6,3,-1
1378271,Rodrigo Fuentes,2,4.5,2.5,-1
1910410,Arnika Fuhrmann,2,4.5,2,100
268953,Bert Fulbright,35,3.6,3.3,70
2276631,Valentina Fulginiti,4,4.8,2.2,100
1920027,Carrie Fulton,1,4.5,2,-1
955444,David Funk,1,3.0,3,-1
1975309,Sue Fussell,2,3.0,3.5,50
2561683,Peter Gabriel,0,0.0,0,-1
2763538,Greeshma Gadikota,7,3.7,3,57.1429
257330,Alexander Gaeta,11,3.7,2.6,-1
2776514,Kevin Gagan,0,0.0,0,-1
2409965,J. Ellen Gainor,2,5.0,2.5,100
2747466,Daniel Gallagher,0,0.0,0,-1
270292,Andrew Galloway,18,4.3,2.7,100
527119,David Galton,5,4.6,2.2,-1
42676,Bruce Ganem,113,3.6,3.8,81.8182
1200859,Barbara Ganzel,5,3.2,3,-1
1325858,Yingxin Gao,12,2.0,3.8,-1
1670373,George Gao,1,1.0,2,-1
1839293,Oliver Gao,1,3.0,1,-1
891115,Maria Antonia Garces,10,4.8,3.4,-1
407788,Ephrahim Garcia,23,3.4,3.3,100
1478751,Armando Garcia,3,1.8,3,-1
1788634,Maria Garcia,14,2.5,3.8,44.4444
1791592,Ben Garcia,0,0.0,0,-1
384052,Maria Cristina Garcia,24,4.5,2.5,66.6667
2525823,Pablo Garcia Pinar,4,4.3,4,75
2216913,Sergio Garcia-Rios,10,4.0,3,70
2287010,Filiz Garip,12,3.6,2.4,75
1291849,Stephen Garvey,2,4.8,3,-1
1991243,Bill Gaskins,1,5.0,4,100
1027213,Linda Gasser,15,1.5,3.8,7.6923
1634917,John Gaulke,1,4.0,1,-1
2263236,Christopher Gaulke,9,1.8,3.8,22.2222
1882282,Vishal Gaur,1,4.0,2,-1
1724649,Jerrie Gavalchin,4,4.9,1.5,-1
1633489,Aisha Gawad,5,4.1,3.6,-1
159311,Kifle Gebremedhin,17,3.3,2.8,33.3333
398101,Rick Geddes,19,3.9,2.7,60
224377,Charles Geisler,12,3.1,2.5,-1
775393,Tamar Gendler,3,4.5,3,-1
1991360,Albert George,0,0.0,0,-1
2168708,Michael George,38,2.7,3.7,44.7368
1564316,Weiqing Su George,11,4.7,4.4,75
2757872,Todd Gerarden,1,2.0,3,0
501603,. Gerner,8,2.8,1.5,-1
132808,William Ghiorse,27,3.8,2.3,-1
726916,Durba Ghosh,9,4.2,3.5,100
1818365,Arpita Ghosh,11,2.8,2.9,100
272018,Alan Giambattista,21,3.8,3.6,83.3333
226123,Emmanuel Giannelis,27,2.7,2.9,-1
2019164,Nicole Giannella,1,5.0,4,-1
448664,Lawrence Gibbons,44,2.0,3.6,100
1430110,Michael Giebelhausen,9,3.2,1.7,66.6667
1170853,Emily Gier,4,3.5,3.5,-1
1172212,Cole Gilbert,38,3.7,3.6,66.6667
145362,Roger Gilbert,7,3.0,2.3,66.6667
1398464,James Giles,7,3.8,1.9,100
270591,Tarleton Gillespie,23,3.7,3,-1
1009755,Gil Gillespie,1,3.5,2,-1
155949,Tom Gilovich,62,4.1,3.3,57.1429
959678,Thomas Gilovich,8,3.5,3.4,100
1547063,Amanda Gilvin,1,1.5,3,-1
820145,Paul Ginsparg,11,3.5,3.2,100
2703456,Andrea Giometto,1,4.0,3,100
1689741,Jim Giovannoni,0,0.0,0,-1
2222043,Sarah Giroux,8,5.0,2.4,100
977792,Ben Glaser,2,3.8,2.5,-1
2560560,Jane Glaubman,1,1.0,3,0
1076793,Frederic Gleach,4,3.6,1.8,-1
2100067,Shannon Gleeson,4,3.1,3,66.6667
2300197,Marshall Glesby,0,0.0,0,-1
2473633,Lawrence Glickman,5,4.6,3,80
1275803,Flavien Glidja,19,3.4,3.6,33.3333
1320083,Iago Gocheleishvili,21,4.8,2.1,100
1934878,Marc Goebel,6,4.8,2.5,100
412038,Werner Goehner,15,1.9,3.7,0
2592306,Carolyn Goelzer,1,5.0,3,100
1879429,Kent Goetz,1,4.5,2,-1
2662052,Tao Goffe,0,0.0,0,-1
161837,Daniel Gold,7,3.1,1.7,50
85387,Michael Gold,61,3.5,4.6,57.1429
154496,Michael Goldberg,24,2.4,4.2,100
2154171,Jesse Goldberg,3,5.0,3,100
1877447,Thomas Golden,19,4.3,2.7,77.7778
2661873,Jillian Goldfarb,6,1.0,4.7,0
160884,William Goldsmith,17,3.0,2.9,-1
593724,Michael Goldstein,32,4.3,3.3,100
2371941,Carla Gomes,1,3.0,4,0
1895092,Raul Gomez,13,4.0,3.3,60
849002,Jack Goncalo,20,4.1,2.2,-1
2480756,Nataliia Goncharuk,1,5.0,3,100
597670,Angela Gonzales,20,2.5,2.5,-1
2142835,Christine Goodale,4,4.3,1.8,100
2768266,Lindsay Goodale,0,0.0,0,-1
2200221,Elizabeth Goold,3,4.3,2.7,100
542531,Katy Gottschalk,6,4.9,2.7,-1
1870041,Pauline Goul,1,3.0,3,-1
2781856,Quitterie Gounot,0,0.0,0,-1
1797882,Pierre Gourdain,2,4.8,1,-1
2098874,Delphine Gourdon,1,4.5,2,-1
1171331,Sachin Goyal,2,1.5,3,-1
2647613,Serio Gracia-Rios,0,0.0,0,-1
2610321,Alexander Grant,1,4.0,2,100
2146283,Joseph Grasso,3,3.7,3.3,100
853574,Robert Gravani,5,4.1,3.8,-1
1866512,Michelle Greco,1,4.5,4,-1
2382737,Robert Green,0,0.0,0,-1
2454891,Charlie Green,1,5.0,1,100
2205587,Denise Green,1,5.0,2,100
64520,Donald Greenberg,11,3.6,3.5,100
281731,Mitchel Greenberg,5,2.6,3.2,100
259578,Harry Greene,23,4.7,2,-1
1290176,Sandra Greene,9,3.6,3.1,50
1942355,John Greenlee,2,4.8,3.5,100
562427,Davyd Greenwood,9,4.6,2.2,-1
1113651,Adam Grener,1,5.0,3,-1
261710,David Gries,123,3.0,3.3,69.4444
2379771,Lauren Griffin,0,0.0,0,-1
2378207,Kati Griffith,0,0.0,0,-1
1074260,Kate Griffith,25,4.5,3.2,88.8889
2161173,Tyran Grillo,0,0.0,0,-1
1801314,Andrew Grimson,4,4.5,3.5,100
64517,Len Gross,9,4.2,3,-1
619625,James Gross,13,3.0,3.7,100
183634,Dale Grossman,23,4.3,3.2,100
1291046,Yuval Grossman,5,4.1,2.6,100
553096,David Grubb,21,3.4,2.9,100
2145754,Sol Gruner,3,5.0,3,100
2599337,April Gu,0,0.0,0,-1
1926316,Zhenglong Gu,7,3.9,1.8,100
1921504,Griffin Guardala,9,3.9,2.1,-1
1537273,John Guckenheimer,10,3.1,4.1,-1
932654,Ani Guerdjikova,11,2.5,2.6,-1
1919614,François Guimbretière,6,2.2,3.2,20
2516889,Joe Guinness,4,3.5,3.7,50
953377,Edward Gunn,2,5.0,1,-1
361448,Xin Guo,9,4.3,2.7,-1
2614674,Sachin Gupta,0,0.0,0,-1
1854545,Nathaniel Guset,1,4.5,1,-1
1193237,J Guyton,6,4.8,1.5,-1
529939,. Haas,0,0.0,0,-1
568267,Zygmunt Haas,11,3.4,3.4,100
2720891,Donna Haeger,1,1.0,4,0
389044,Sabine Haenni,16,3.8,2.7,0
1698561,John Haggerty,4,4.5,2.8,100
2703382,Nika Haghtalab,0,0.0,0,-1
197121,Kim Haines-Eitzen,21,4.5,2.5,100
654114,"Nelson Hairston, Jr.",6,4.8,1.7,-1
267655,Doug Haith,4,4.1,2.5,-1
2662892,Parnia Haj-Mohamadi,6,4.7,3.2,83.3333
1309217,John Hale,24,2.5,4,100
2005164,Jason Hall,1,3.0,3,-1
2201205,Matthew Hall,10,4.6,2.5,100
1037719,Kevin Hallock,7,3.6,2.4,-1
590819,Bruce Halpern,11,4.4,1.7,-1
412106,Joseph Halpern,20,4.1,3.6,100
2443500,Daniel Halpern-Leistner,5,3.8,4.2,80
1800991,Thomas Hambury,5,2.0,3.4,-1
1934073,Diana  Hamilton,0,0.0,0,-1
992009,Andrea Hammer,5,3.1,4.4,100
1005365,David Hammer,6,4.6,3.3,50
725051,Tove Hammer,7,3.0,3.5,50
270426,Jeff Hancock,31,4.5,2.6,100
2516963,Ashley Hand,8,5.0,2.8,100
1834381,Brian Hanrahan,1,4.0,3,-1
1870449,Tobias Hanrath,3,3.7,3.3,-1
2652160,Valerie Hans,2,5.0,3.5,100
165710,Ellis Hanson,39,3.7,2.7,60
191715,Wayne Harbert,20,4.8,2,100
2201383,Amber Harding,1,5.0,3,100
2730742,Andrew Harding,1,5.0,3,100
1895455,Matthew Hare,4,3.8,2.8,100
1051149,Jared Harel,2,5.0,1.5,-1
2284064,Bharath Hariharan,14,2.8,2.9,50
2217793,Lauren Harmon,13,4.4,3.6,84.6154
2277575,Kyle Harms,29,3.2,2.9,51.7241
534201,Laura Harrington,9,3.9,2.7,100
2459042,Benjamin Harris,2,5.0,3,100
1279693,Rebecca Harris-Warrick,6,4.4,3,-1
359797,Ronald Harris-Warrick,16,4.3,4,100
860229,Richard (rick) Harrison,4,2.9,3.5,-1
2236936,Kris Hartley,6,4.8,3,100
2761100,Thomas Hartman,0,0.0,0,-1
2491567,Kyle Harvey,1,5.0,3,100
295380,George Hascup,8,3.3,2,-1
1999633,Anna Haskins,23,4.3,2,73.6842
500318,Allen Hatcher,12,4.3,3,-1
1051843,John Hausknecht,12,3.7,2.1,-1
1726353,Anthony Hay,12,2.8,3.4,100
278200,George Hay,21,4.2,3.1,80
2154777,Alexander Hayes,2,4.0,2,50
191712,Martha Haynes,15,4.2,3.1,-1
192515,Cindy Hazan,43,4.6,2.5,100
781825,Tim Healey,22,4.7,2.9,100
185774,Doug Heckathorn,12,3.8,2.6,50
2781570,Kathleen Hefferon,0,0.0,0,-1
2772181,Ori Heffetz,1,1.0,5,0
270609,Michael Heise,9,4.1,3.6,100
2659655,Felix Heisel,0,0.0,0,-1
2711560,Damian Helbling,0,0.0,0,-1
2760790,Elizabeth Helbling,2,3.5,4,50
2684828,Jill Hellman,0,0.0,1,-1
152032,Sheila Hemami,30,3.1,3.6,-1
1850309,Brandon Hencey,2,2.5,3.5,-1
465327,John Henderson,21,2.5,2.5,66.6667
134482,Shane Henderson,23,4.0,3.5,66.6667
2407673,Janet Hendrickson,1,5.0,3,100
2515800,Tory Hendry,1,3.0,5,0
1042647,Richard Hennig,5,5.0,2.8,100
1795148,Susan Henry,2,2.0,2.5,100
1723358,Christopher Hernandez,8,2.3,4.3,100
609347,Ronald Herring,14,2.1,3.2,-1
270797,Terry Herter,22,4.4,1.7,100
1027984,Peter Hess,7,3.4,3,100
1631196,Ian Hewson,5,3.7,2.2,50
1752891,Andrew Hicks,4,2.2,3,25
908468,Nina Hien,3,4.3,3,-1
113676,Stephen Hilgartner,25,4.0,2.4,90.9091
174481,Thomas Hill,19,4.0,1.9,66.6667
2599443,Marcy Hines,0,0.0,0,-1
139568,Melissa Hines,129,3.2,3.8,13.8889
2614678,Juan Hinestroza,2,3.5,4,50
1141845,Tim Hinkin,1,5.0,1,-1
1826114,TJ Hinrichs,6,3.5,3.7,33.3333
921739,Katsuya Hirano,11,4.3,2.6,-1
1705623,Thomas Hirschl,1,2.0,2,-1
2258736,Haym Hirsh,13,3.1,2.5,61.5385
2323377,Vincent Hiscock,0,0.0,0,-1
2714422,Peter Hitchcock,1,4.0,5,100
52643,Molly Hite,8,4.0,3.5,100
2573142,Justin Ho,0,0.0,0,-1
1245753,Peter Hobbs,3,3.5,2.3,-1
859111,Robert Hockett,5,4.3,2.8,0
2772090,John Hoddinott,1,5.0,3,100
199658,Harold Hodes,34,2.5,3.9,20
2363304,Kathie Hodge,6,5.0,2,100
842296,Aaron Hodges,3,4.5,4.7,-1
1629857,Saida Hodzic,7,3.6,3,100
2657606,Kelly Hoffer,1,5.0,3,100
2440023,Benjamin Hoffman,0,0.0,0,-1
2682141,Guy Hoffman,0,0.0,0,-1
383442,Georg Hoffstaetter,11,2.8,4,66.6667
2787913,Philip Hollander,0,0.0,0,-1
1099107,Tara Holm,7,4.2,3.6,100
299960,David Holmberg,11,3.4,2.6,-1
2786130,Megan Holycross,0,0.0,0,-1
2106938,Tatiana Homonoff,1,3.5,2,-1
129807,Christina Homrighouse,43,4.8,1.7,89.4737
160892,Yongmiao Hong,34,3.1,3,50
2294094,Giles Hooker,11,3.5,4.7,54.5455
2625720,Daniel Hooker,3,5.0,2,100
268048,John Hopcroft,26,4.1,2.4,60
594217,Carl Hopkins,31,3.4,3.9,-1
2676839,Sarah Hormozi,0,0.0,0,-1
1534019,Dafna Hornikee,3,3.5,3.3,-1
2248867,Shahadat Hossain,2,2.5,3,50
1248741,Michael Hostetler,3,3.2,2.7,-1
1950567,Kelsey Houston-Edwards,0,0.0,0,-1
133995,Ken Hover,27,4.6,2.9,80
1979357,Robert Howarth,9,3.7,2.3,50
824111,Cary Howie,8,4.8,2.7,100
2015230,Ming Huang,1,5.0,3,-1
2062035,Daoji Huang,3,3.1,3.3,50
2105251,Daniel Huang,0,0.0,0,-1
498669,John Hubbard,17,3.9,4.1,100
2633963,Karolina Hubner,4,4.0,3.3,60
2005160,Chris Huckfeldt,18,2.9,4,38.4615
151084,George Hudler,30,4.7,1.8,-1
1584262,Bart Huelsenbeck,1,2.5,3,-1
1788633,Tim Huffaker,29,3.3,3.8,63.6364
2783476,Hannah Hughes,0,0.0,0,-1
272261,C. Y. Hui,34,3.3,3.3,100
134378,Isabel Hull,8,4.7,4,-1
2557484,Lee Humphreys,1,5.0,3,100
2655435,Julianne Hunter,1,5.0,3,100
132540,Jean Hunter,26,2.0,4,37.5
1630904,Mary-Ann Huntley,2,4.5,3,-1
2064155,Elizabeth Huntley,2,4.3,3.5,100
280395,Rick Hurd,8,4.6,2,100
2492721,Heather Huson,4,3.7,3.3,75
351810,Robert Hutchens,19,4.4,2.7,88.8889
2480629,Valzhyna Hutchinson,0,0.0,0,-1
2093801,Ishion Hutchinson,3,3.5,1.7,50
2748807,Michael Huyghue,1,5.0,4,100
369481,Gene Hwang,12,3.2,2.8,-1
2232764,Brian Hwang,2,5.0,4,100
2146967,Byoung Hwang,7,5.0,3,100
1270126,Paul Hyams,1,5.0,3,-1
2670428,James Hyde,1,1.0,4,0
1757093,Louis Hyman,17,2.9,3.3,27.2727
2728218,David Hysell,0,0.0,0,-1
2179782,Vincent Ialenti,3,4.7,3.7,100
352119,Zulma Iguina,15,4.7,3.3,100
560516,Iouli Iliachenko,5,4.8,3,100
2607820,Emilia Illana Mahiques,3,2.7,4,33.3333
1451156,Ikhide Imumorin,2,1.0,4.5,-1
842463,ED Intemann,2,4.5,3,-1
2456130,Andrea Ipollito,0,0.0,0,-1
2056788,Catalina Iricinschi,5,2.4,3.5,100
1934148,Krishnamurthy Iyer,3,3.0,2.7,0
1155259,Peter Jackson,8,4.2,2.5,-1
1287702,Kirabo Jackson,3,4.3,2.7,-1
43984,Steve Jackson,14,3.0,2.5,100
520660,Ngampit Jagacinski,8,3.7,3,50
2079581,Karen  Jaime ,1,4.0,2,100
751697,Tsitsi Jaji,3,2.4,3.3,0
246616,George Jakubson,88,2.7,4,31.8182
365983,Richard James,0,0.0,0,-1
1748622,Doug James,5,4.2,3.6,-1
498721,. Jameson,6,3.9,4.2,-1
1124758,Tibor Janosi,2,3.0,4,-1
274153,Phyllis Janowitz,8,3.6,1.9,-1
2384238,Samson Jardine,1,5.0,2,100
184814,Robert Jarrow,7,3.3,2.1,100
1447866,Sarah Jefferis,5,1.2,3.8,0
2476117,Debdeep Jena,2,4.0,3,50
389412,James Jenkins,30,4.3,3.2,100
2492007,Stephen Jesch,5,4.8,3.2,100
904500,Peter Jessel,3,4.0,2,-1
2363468,Alisa Jimenez,2,5.0,3.5,100
809456,Thorsten Joachims,12,3.4,3.7,0
270549,Bruce Johnson,6,5.0,2.3,-1
558933,Pat Johnson,5,4.1,3.8,-1
1286667,Rick Johnson,7,2.5,4.4,100
1623441,Thomas Johnson,3,2.8,3.7,-1
2338483,Blair Johnson,1,5.0,4,100
2355197,Adrienne Johnson,2,4.5,3.5,50
1109981,Robert Johnston,4,3.4,2.5,-1
591760,Wendy Jones,5,4.4,2.4,-1
1240728,Victoria Jones,2,3.0,3.5,-1
1574434,Andrew Jones,1,5.0,2,-1
1959171,Dustin Jones,2,4.8,3,-1
2414648,Marysia Jonsson,2,5.0,2.5,100
288466,Yong Joo,6,2.3,3.2,0
811538,Steve Jordan,5,3.4,3.8,-1
2621276,Mariangela Jordan,1,5.0,3,100
729475,Kurt Jordan,15,4.1,3.5,100
1328894,Joshua Judkins,2,4.0,1.5,-1
2284945,Ari Juels,1,5.0,1,100
1727308,Jane Juffer,7,4.3,3.4,100
2282908,Malte Jung,3,3.0,3.7,33.3333
2393146,Thomas Jungbauer,0,0.0,0,-1
2482252,Sebastian Junge,0,0.0,0,-1
1077073,David Juran,6,3.6,3.3,100
1548115,Martine Kaczynski,0,0.0,0,-1
748412,Peter Kahn,7,3.6,2.9,-1
250501,Lawrence Kahn,15,2.2,3.2,33.3333
559899,Henry Kaiser,7,4.1,1.7,-1
2149175,Harry Kaiser,0,0.0,0,-1
270209,Rayna Kalas,12,4.0,3.6,100
2047193,Lisa Kaltenegger ,47,4.5,2.6,93.0233
2426295,David Kammer,1,5.0,3,100
2443485,Rachana Kamtekar,5,3.0,3.4,40
181787,Edwin Kan,20,3.9,4,66.6667
2169177,Caitlin Kane,2,5.0,3.5,100
2614676,Cindy Kao,0,0.0,0,-1
292783,Stephen Kaplan,10,3.2,3.3,-1
2730585,Julia Karczewski,3,1.3,4.7,0
2290278,Sabrina Karim,9,4.0,3.5,66.6667
1966246,Hannah Karmin,6,4.8,2.7,100
1041650,Liz Karns,44,3.0,2.8,34.4828
2098731,Robert Karpman,9,2.1,3.2,25
1107352,Abdulrazak Karriem,2,3.2,3,-1
197374,Carol Kaske,7,4.9,3.4,-1
526663,Martin Kassabov,14,2.5,4.5,71.4286
1319350,Karim-Aly Kassam,20,3.8,3,66.6667
287383,Yukiko Katagiri,4,4.4,2.3,-1
1629171,Jan Katz,6,2.6,3.2,50
481158,Harry Katz,24,3.8,2.9,80
270940,Mary Katzenstein,17,4.2,3.5,100
191934,Peter Katzenstein,182,4.5,3.8,93.0693
2536660,Michelle Kavall,1,5.0,4,100
2438983,Klim Kavall,5,5.0,3,100
2344041,Toshi Kawate,0,0.0,0,-1
1622260,Ailong Ke,1,4.5,4,-1
2327792,Hannah Keese,2,4.0,3,50
1158425,Uri Keich,2,4.5,1,-1
2338768,Alon Keinan,0,0.0,0,-1
1246801,Patricia Keller,7,4.1,2.4,-1
2148502,JR Keller,5,5.0,3.2,100
407448,Michael Kelley,10,2.0,3,-1
2772419,Kimoi Kemboi,0,0.0,0,-1
774442,Don Kenkel,7,2.7,3.3,50
1927124,Donald Kenkel,0,0.0,0,-1
344263,William Kennedy,10,4.1,2.3,-1
1172322,Virginia Kennedy,3,4.5,3,-1
1308081,Erik Kenyon,1,5.0,3,-1
2463233,Kimberly Kenyon,0,0.0,0,-1
1108568,Andre Kessler,1,4.5,4,-1
2336062,Yu Yu Khaing,1,5.0,3,100
2288724,Lori Khatchadourian,1,5.0,3,100
1402993,Olga Khessina,5,4.8,3.6,100
210622,Nick Kiefer,5,2.2,4,-1
993527,Richard Kiely,2,4.2,4,-1
583906,Chris Kim,7,3.9,3,-1
1053204,Jina Kim,3,1.7,5,-1
1631207,Jungmin Kim,4,1.0,4,0
1998134,Hyuncheol Kim,0,0.0,0,-1
2031926,Dayoung Kim,3,5.0,3.3,100
2042821,Hyuncheol Bryant Kim,9,3.5,3,33.3333
2489275,Heeyon Kim,0,0.0,0,-1
1351308,Eun-Ah Kim,7,3.6,3.4,100
182112,Sherri Kimes,3,2.5,4.7,-1
976850,Freedom King,4,4.0,2,-1
1705329,Michael King,2,4.8,1.5,-1
1800741,Kelly King-O'Brien,11,2.0,4.4,14.2857
2132310,Cynthia Kinsland,13,3.3,4,41.6667
2129837,Katherine Kinzler,2,5.0,2,100
536029,Brian Kirby,9,4.0,3.1,75
2738484,Philipp Kircher,1,4.0,3,100
1418552,Earl Kirkland,2,4.3,3,100
253989,Jonathan Kirshner,33,3.5,3.6,50
2535524,Rene Kizilcec,0,0.0,0,-1
456398,Adam Klausner,31,3.6,3.5,66.6667
265146,Richard Klein,7,4.9,2,-1
136263,Jon Kleinberg,27,4.7,2.4,100
1398171,Robert Kleinberg,11,4.6,4.2,85.7143
1927126,Samuel Kleiner,4,5.0,2,100
1324106,Kent Kleinman,1,5.0,2,-1
272454,Ronald Kline,10,4.7,2.9,-1
2686949,Michele Kline,0,0.0,0,-1
2700566,Cathy Kling,0,0.0,0,-1
1941042,Cody Klippenstein,5,4.6,2.6,100
1192015,K Klosin,3,4.7,2,100
2346136,Ross Knepper,2,2.0,4,0
943362,Richard Kniffen,4,4.6,1.5,-1
2663824,Kevin Kniffin,3,3.3,2,66.6667
803068,Barbara Knuth,2,5.0,2.5,-1
1625067,Allen Knutson,19,3.1,4.1,60
1255267,Michael Koch,4,4.9,3,-1
354180,Donald Koch,6,2.0,4,-1
1257816,Walter Koenig,2,5.0,2,-1
1931840,Boris Kogan,3,5.0,3.7,-1
2761225,Marc Kohlbry,0,0.0,0,-1
2241444,Julilly Kohler-Hausmann,4,5.0,2.8,100
2738024,Heather Kolakowski,0,0.0,0,-1
2161249,Daniel Koltonski,0,0.0,0,-1
1758378,Nolan Kopkin,1,1.0,5,0
2278223,Amnon Koren,0,0.0,0,-1
2379505,Lauren Korfine,6,5.0,2.3,100
1889429,David Kornreich,8,3.5,3.9,66.6667
2752075,Theodore Korzukhin,2,1.0,3.5,0
1381134,Simon Kosali,1,5.0,3,-1
1904355,Michelle Kosch,3,3.7,3.7,-1
134037,Vic Koschmann,8,4.7,2,-1
2158329,Julien Koschmann,0,0.0,0,-1
454957,Barbara Koslowski,12,3.5,2.7,-1
132153,Vaclav Kostroun,6,2.3,3.5,-1
2061537,Lena Kourkoutis,7,4.8,3.5,100
2411885,Frances Kozen,0,0.0,0,-1
153936,Dexter Kozen,28,4.2,3.5,88.8889
2744522,Cliff Kraft,0,0.0,0,-1
1663379,Dan Krall,0,0.0,0,-1
145427,Isaac Kramnick,51,4.2,2.8,-1
226122,Philip Krasicky,72,4.0,3.5,100
231331,Lee Kraus,5,3.5,4.2,-1
2561694,Sarah Kreps,6,3.5,3.3,50
2361537,Mona Krewel,1,4.0,2,100
2455301,William Krieger,0,0.0,0,-1
2504388,Douglas Kriner,14,3.6,3.4,73.3333
2410214,Vikram Krishnamurthy,5,4.2,3.8,80
2220003,Raissa Krivitsky,1,5.0,4,100
2673960,Amy Krosch,1,5.0,2,100
1930019,Megan Kruer,2,5.0,4,100
1179799,Carol Krumhansl,5,3.1,2.4,100
636260,Neema Kudva,25,2.9,3.7,-1
2625462,Volodymyr Kuleshov,0,0.0,0,-1
1881346,Alexander Kuo,0,0.0,0,-1
2241065,Andrew Kuramoto,1,5.0,1,100
1837823,Matthew Kurtas,0,0.0,0,-1
308440,Sarosh Kuruvilla,14,3.1,3.4,66.6667
1433529,Tamar Kushnir,25,4.0,2.5,80
132111,Bruce Kusse,27,4.2,3.8,-1
1979514,Robert  Kwortnik,8,2.9,3.1,28.5714
384533,Steven Kyle,34,4.0,2.3,0
2723163,Emily La,1,5.0,2,100
161645,Walter LaFeber,14,4.9,3.1,100
2104096,Dawn Lafferty,9,4.7,2.6,100
560029,Carl Lagoze,8,3.1,2.5,-1
1123416,Clement Lai,2,5.0,3,-1
2781040,Jimenez Lai,0,0.0,0,-1
1021731,Mukti Lakhi,3,5.0,4,-1
260180,Amit Lal,16,2.6,4.1,-1
37204,Bernd Lambert,7,4.6,2.1,-1
1841153,Kyle Lancaster,32,4.5,3.9,90.3226
132604,Bruce Land,23,4.4,3.2,100
2470290,Marie Langlois,15,4.5,3.7,86.6667
1362748,Stacey Langwick,10,3.4,3.3,50
1672996,Orlando Lara,1,5.0,3,-1
1633684,Naomi Larson,13,4.9,3.2,100
714044,Medina Lasansky,13,2.7,4,100
1618026,Mitchel Lasser,0,0.0,0,-1
1534731,Laurel Lathrop,2,5.0,5,-1
1804664,Michael Latour,0,0.0,0,-1
1871347,Chrissy Lau,4,4.6,2.5,-1
2401088,Bruce Lauber,3,4.7,4,100
2542857,Julie Lauren,0,0.0,0,-1
192501,Jane Marie Law,69,4.5,3,94.4444
2354647,Atoor Lawandow,0,0.0,0,-1
2631920,Edward Lawler,0,0.0,0,-1
328895,Cecilia Lawless,36,3.6,3.4,83.3333
1804392,Benjamin Lawrence,3,4.5,2.3,100
16596,Claudia Lazzaro,12,3.8,3.2,-1
1895684,Brian Lazzaro,4,4.5,3.5,-1
2688816,Sofia Leacuteonard,0,0.0,0,-1
2650278,Tashara Leak,1,5.0,2,100
1979176,Adin  Lears,1,5.0,3,-1
1303408,Daniel Lebret,7,4.5,3.9,100
1708584,Andre Leclair,37,3.5,2.8,25
232759,Lillian Lee,8,4.5,3.3,100
1664758,Siu Sylvia Lee,2,2.8,3,100
2279683,Nicollette Lee,0,0.0,0,-1
2599202,Alice Lee,2,5.0,1.5,100
195462,David Lee,30,3.5,3.3,41.6667
2688809,Esak Lee,2,3.5,2.5,100
9789,Stephen Lee,80,3.3,4.3,65
1030512,Julie Legate,4,2.9,4.8,0
2707035,Flavio Lehner,1,5.0,3,100
2493645,Xingen Lei,2,2.5,2.5,50
185131,Sidney Leibovich,4,3.4,2.8,-1
2018969,Cynthia Leifer,1,5.0,3,-1
2751316,J. Robert Lennon,1,5.0,2,100
2567536,David Lennox,1,2.0,4,0
1920496,Alex Lenoble,1,4.0,3,-1
2283438,Lori Leonard,1,5.0,4,100
2688817,Sofia Leonard,1,5.0,2,100
1632664,Gilly Leshed,16,2.7,3.3,45.4545
1293571,William Lesser,5,2.4,1.4,-1
1208895,Christine Leuenberger-Pinch,10,3.0,2.1,100
2660982,Pauline Leung,1,4.0,3,100
1743076,Adam Levine,15,4.8,2.6,100
2729668,Caroline Levine,0,0.0,0,-1
202263,David Levitsky,99,4.0,2.5,56.25
782831,Bruce Levitt,7,4.6,2.8,100
2703376,Karen Levy,2,5.0,2,100
2400601,Annie Lewandowski,2,4.5,3,100
145193,Bruce Lewenstein,21,4.1,2.3,-1
922767,Mark E Lewis,11,2.2,3.6,-1
2106946,Tasha Lewis,1,3.0,3,-1
2740612,Van Lewis,0,0.0,0,-1
2227009,Eric Lewis,8,4.1,3,75
757442,Adrian Lewis,13,4.3,3.4,100
2568077,Nikole Lewis,1,5.0,4,100
1503994,Chad Lewis,5,4.3,3.6,-1
2458225,Benjamin Leyden,2,2.5,4.5,50
1259694,Ping LI,7,1.8,4.9,100
2432212,Yiwei Li,1,4.0,2,100
2482662,Shanjun Li,5,4.2,1.8,80
1240155,Fangfang LI,3,4.5,2.7,100
2763534,Qi Li,1,4.0,2,100
1817367,Jura Liaukonyte,2,4.0,2.5,-1
1172462,Daniel Lichter,4,3.4,2.5,-1
1102743,Chakesha Liddell,5,1.2,3.2,0
1675201,Bob Lieberman,1,5.0,2,-1
717246,Risa Lieberwitz,13,3.5,3.4,40
491949,James Liebherr,2,5.0,3.5,-1
1090451,Matthias Liepe,20,4.3,3.5,100
2381738,Oskar Liivak,3,2.7,3,33.3333
1709978,Claire Lim,24,4.0,3.1,83.3333
2410929,Jared Lim,8,4.8,1.7,100
1122349,Hening Lin,5,4.7,1.8,-1
2248534,Douglas Lin,5,3.8,3.8,80
2329269,Song Lin,11,4.4,3.7,81.8182
2773550,Nathan Lindberg,0,0.0,0,-1
460230,Christiane Linster,6,4.1,3,-1
1006277,Len Lion,6,3.3,3.2,100
145423,David Lipsky,15,4.6,2.4,-1
364259,Hod Lipson,8,2.7,3,-1
1591452,Christopher Lirette,5,3.7,3,-1
1581904,John Lis,0,0.0,0,-1
192539,Gunhild Lischke,28,4.2,3.1,100
489024,John Little,40,3.3,2.6,28.5714
2418876,Adam Litwin,9,3.4,3.1,77.7778
2658356,Zifeng Liu,1,2.0,4,0
1130841,Peng (peter) Liu,7,3.7,2.9,66.6667
2607825,Kelly Liu,2,4.5,4,100
817971,Petrus Liu,12,4.3,3.1,100
2186527,Crocker Liu,9,2.6,4.4,33.3333
1398690,Beth Livingston,15,4.3,1.6,100
2162535,Alexander Livingston,8,3.9,3.9,62.5
272353,Russell Lloyd,19,3.5,3.5,16.6667
1969507,James Lloyd,4,4.0,2.5,100
240961,Susan Lobello,17,4.3,2.4,-1
2033757,Nicolae Lobontiu,1,5.0,4,-1
1927041,Jason Locasale,2,4.5,3.5,-1
9724,Jean Locey,24,2.9,3.2,0
1579219,Corinna Loeckenhoff,12,4.2,2.3,77.7778
268989,Ellis Loew,23,3.8,3.1,100
581505,Fredrik Logevall,11,4.4,2.9,-1
2481759,Rowena Lohman,5,5.0,2.4,100
2787182,Leslie Lok,0,0.0,0,-1
2702474,Elizabeth Lombardi,1,2.0,5,0
2219290,Gregory Londe,3,5.0,3,100
2707802,Quincy Loney,0,0.0,0,-1
498839,Kathleen Long,7,4.7,1.7,100
1273356,Douglas Long,5,2.9,2.6,-1
278199,Tamara Loos,12,4.8,2.5,100
2527976,Paulo Lorca,1,5.0,4,100
1461063,Philip Lorenz,10,3.2,2.7,100
2027317,Daniel Lorey II,6,4.6,3.8,100
915610,Roger Loring,25,4.0,3.6,100
268992,Nancy Lorr,14,4.2,2.8,100
2729667,John Losey,1,5.0,3,100
2660814,Chris Loss,3,2.3,2.3,33.3333
36455,Michel Louge,9,2.6,3.8,50
1382276,Michael Lovenheim,7,3.4,4.4,0
449696,Irby Lovette,21,3.6,2.8,-1
129943,Theodore Lowi,59,3.1,2.7,-1
1920639,Jay Lu,2,3.0,4,-1
2776883,Yucheng Lu,0,0.0,0,-1
2438484,Brian Lucas,6,4.5,2.3,83.3333
1703854,Julius Lucks,1,4.5,4,-1
1446118,Marla Lujan,9,4.4,2.9,-1
273971,Joanna Luks,6,4.3,3,-1
2775317,Jonathan Lunine,0,0.0,0,-1
720985,Dan Luo,5,4.5,2.8,100
564667,Barbara Lust,3,5.0,3,-1
272361,Michael Lynch,10,3.9,2.5,-1
2617945,William Lynn,0,0.0,0,-1
941162,Michael Lynn,13,2.5,3.2,0
498827,Tom Lyons,19,4.1,3.1,66.6667
299861,Tom Lyson,4,4.1,2,-1
906514,Qing Ma,7,4.1,3,-1
2063010,Ling Ma ,3,5.0,2.7,100
2448299,Mary MacAusland,8,3.4,3.6,62.5
336003,Scott MacDonald,6,4.3,3.8,100
270601,Bonnie MacDougall,8,2.6,1.4,-1
144070,Ross MacIntyre,21,2.9,4.2,-1
1742591,Joanie MacKowski,7,4.4,2.3,100
2040312,Douglas MacMartin,1,1.0,5,-1
492112,Allen MacNeill,9,4.3,1.6,-1
2729202,Andrew MacVey,0,0.0,0,-1
184753,Michael Macy,8,3.9,2.5,-1
318612,Eugene Madsen,6,3.2,1.7,-1
1121135,Daniel Magaziner,11,4.7,2.5,-1
1631955,Steven Mahaffey,9,4.6,2.1,-1
2578174,Ceyhun Mahmudlu,0,0.0,0,-1
323349,Mukul Majumdar,19,2.5,3.3,0
815216,Fouad Makki,5,4.4,3.2,66.6667
2774904,Elisavet Makridis,1,5.0,2,100
265703,Ramesh Mallipeddi,10,3.5,2.9,-1
2762333,Greg Malysa,0,0.0,0,-1
1720235,Zach Manchester,1,5.0,2,-1
2703094,Patti Mandel,1,5.0,1,100
662081,David Manke,7,3.4,3.3,-1
321169,David Mankin,40,3.9,2.1,100
1166798,Jenny Mann,11,4.6,3.3,-1
1201879,Julie Mann,7,3.5,3.4,-1
1911683,Kate Manne,4,4.8,2.8,100
2146286,Daniel Manne,6,3.9,2.3,80
2014247,Sturt Manning,2,3.5,1.5,50
2703381,Jason Manning,1,4.0,4,100
132566,Rajit Manohar,8,4.4,4.1,-1
1692482,Rick Mansfield,1,4.0,3,-1
1692600,Richard Mansfield,3,2.5,3,0
1786758,Mike Manville,1,4.0,3,-1
2596084,Yifei Mao,1,2.0,3,0
2449773,Vida Maralani,2,4.0,4.5,50
935415,John March,10,2.7,3.3,100
2437112,Cary Marcous,2,5.0,2,100
2122686,Drew Margolin,8,3.6,2.7,62.5
1969269,Joseph Margulies,18,3.3,3.2,100
2482448,Patchen Markell,8,2.1,4.4,25
2408039,Sierra Marker,0,0.0,0,-1
2491555,Julia Markovits,4,3.8,2.8,75
821842,Katherine Marks,4,5.0,1,-1
2312584,Andrei Marmor,0,0.0,0,-1
265282,John Marohn,64,2.4,3.6,10.5263
489618,Steve Marschner,9,3.4,4.1,66.6667
1909936,Andrew Marshall,4,4.2,3.2,100
825330,Sherry Martin,6,3.8,2.5,-1
248142,Jose Martinez,22,3.3,4,75
2623542,Asis Martinez-Jerez,18,2.9,4.1,50
1621189,Veronica Martinez-Matsuda,20,4.3,2.7,85.7143
2669962,Matt Marx,1,5.0,3,100
2251416,Andreea Mascan,0,0.0,0,-1
323064,Ute Maschke,13,4.0,3,-1
869613,Robert Masson,9,1.7,3,-1
2359364,Jeffrey Mathias,2,5.0,1,100
2768453,Nathan Matias,1,4.0,2,100
1705224,Jordan Matsudaira,4,4.3,3,0
1475906,Tomoo Matsumura,3,4.8,2.7,-1
1261043,David Matteson,4,3.8,2.8,-1
2698364,Grit Matthias Phelps,1,5.0,3,100
2701079,Neil Mattson,0,0.0,0,-1
2324838,Jared Maxson,6,4.8,3.3,100
240240,Barry Maxwell,20,3.9,3.2,-1
1402671,John Mayberry,1,4.5,1,-1
2091782,Michael Mazourek,1,5.0,3,100
2747799,Alice McAdams,0,0.0,0,-1
1711583,Liam McAllister,7,5.0,3.9,100
181432,Murray McBride,4,5.0,3.5,-1
2490240,Patrizia McBride,1,5.0,3,100
2735720,Douglas McBride,1,5.0,2,0
1375805,Brent McBride,13,3.8,3,75
182096,Reneta McCarthy,42,3.1,2.6,57.1429
182126,Mark McCarthy,25,4.3,3.3,100
2704552,John McCarthy,2,3.5,2,50
356438,David McCobb,5,3.5,3.2,-1
274167,Katherine McComas,14,3.9,2.1,-1
2050004,Max McComb,3,3.0,3.3,0
202264,. McCormick,18,3.8,3.6,50
2403213,Charles McCormick,0,0.0,0,-1
646669,Susan McCouch,5,5.0,3,100
2736079,Anastasia McCray,1,5.0,1.8,100
2788495,Lawrence McCrea,0,0.0,0,-1
756459,Kate McCullough,11,4.5,3.2,100
2475824,Shawn McDaniel,1,5.0,3,100
1928546,Eric McDermott,3,4.2,4.3,50
1969589,Tia McDonald,0,0.0,0,-1
2647300,Christina McDowell,3,2.7,4.3,33.3333
1745520,Thomas McEnaney,4,4.0,3.3,-1
1981025,Tamara  McGavock,1,4.0,4,-1
1021985,Shilo McGiff,2,4.5,3,-1
2596189,William McGill,1,5.0,2,100
11368,Kaya McGowan,5,4.7,2.4,100
2602775,Matthew McGranaghan,1,1.0,3,0
2201736,Chad McIntosh,2,4.5,3.5,100
2697957,Peter McIntyre,1,1.0,2,0
2177760,Doug McKee,19,4.4,3.6,78.9474
2265441,Jonathan McKenzie,0,0.0,3,-1
2093094,John McKinley,4,4.8,3.3,100
2009566,Gregory McLaskey,1,5.0,1,100
258512,Edward McLaughlin,37,3.8,3.4,-1
847284,Poppy McLeod,23,3.2,3.3,66.6667
2695258,Peter McMahon,0,0.0,0,-1
413914,Philip McMichael,11,2.8,2.9,33.3333
602819,Robin McNeal,27,4.3,1.8,50
229219,Tracy McNulty,3,4.5,2.7,-1
1327087,Thomas McSweeney,5,4.9,3.2,-1
272118,Frances Yufen Lee Mehta,25,4.3,4.1,50
2093823,Saurabh Mehta,1,1.0,5,0
439684,Scott Meissner,8,2.1,4,-1
16597,Laura Meixner,8,4.2,2.8,-1
1616835,Natalie Melas,3,4.7,2.7,0
2170050,Claire Ménard,11,4.6,3.4,100
1727421,Jane Mendle,1,5.0,2,-1
2496619,Alice Mercier,3,5.0,2,100
2583985,Gen Meredith,0,0.0,0,-1
1400990,Aleksandr Mergold,2,4.0,4.5,100
2388591,Ian Merkel,5,4.0,3.4,80
16702,Sue Merkel,15,2.3,3.6,0
2348927,Paul Merrill,0,0.0,0,-1
1237050,Karel Mertens,11,3.6,2.9,-1
1230630,Andrew Mertha,16,4.4,2.6,100
263287,Ian Merwin,9,4.9,1.9,-1
2155742,Karola Meszaros,2,4.0,3,100
2065354,Suzanne Mettler,22,3.8,3,94.1176
608931,Elisabeth Meyer,16,2.4,4.1,50
2539135,Pamela Meyerhofer,2,1.0,3,0
1260897,Leticia Meza-Riedewald,7,3.9,3.3,-1
1259692,Jason Mezey,3,3.7,4.3,100
2377801,John Michael,8,3.4,3.4,50
2000250,Jamila Michener,10,4.5,3.5,87.5
131153,Marilyn Migiel,12,4.3,2.7,33.3333
908517,Joseph Mikels,8,4.4,1.4,-1
2535455,Roberta Militello,0,0.0,0,-1
132361,Matt Miller,36,3.0,4,0
462392,Richard Miller,22,2.9,2.6,-1
853575,DD Miller,4,3.8,2.3,100
1795322,Aragorn Miller,2,3.5,2,-1
2021380,Jamie Miller,4,5.0,3.3,-1
2349637,Doug Miller,1,3.0,4,100
2734860,William Miller,1,5.0,1,100
2517057,Bill Miller,4,4.3,3,75
1291154,Christopher Miller,5,3.2,3,100
388453,Beth Milles,5,4.3,3,-1
2119129,David Mimno,4,3.7,3.5,66.6667
1832325,Mostafa Minawi,5,4.8,3.2,100
2718188,Barbara Mink,0,0.0,0,-1
2420370,Joseph Miranda,0,0.0,0,-1
1172098,Leonard Mirin,3,4.5,1.3,100
1340523,Amanda Mita,22,4.9,2.4,-1
2497845,S Mitchell,1,5.0,3,100
261957,Tapan Mitra,16,4.1,4.2,-1
2702213,Tracy Mitrano,1,1.0,4,0
546954,Hiro Miyazaki,8,3.4,2.5,100
630536,Ron Mize,9,3.4,3,0
2372836,Reza Moghimi,4,5.0,2.3,100
2155816,Amir Mohamed,0,0.0,0,-1
165834,Satya Mohanty,28,2.8,3.5,0
2000879,Steven  Mohlke,3,4.8,2.7,100
2148952,Andrew Moisey,7,4.2,3,85.7143
2701506,Jason Mokhtarian,0,0.0,0,-1
2145606,Klas Molde,1,5.0,1,100
1318691,L Moldes,3,4.8,3,-1
426908,Francesca Molinari,24,4.0,3.4,100
1582682,Alyosha Molnar,13,4.4,2.6,100
778584,Bruce Monger,74,4.7,1.8,95.6522
1491007,Jonathan Monroe,9,4.4,3.4,100
906861,Lauren Monroe,10,4.8,2,100
885544,Christopher Monroe,21,3.9,2.3,71.4286
2312627,Francesco Monticone,26,5.0,3.3,100
2422643,carl moon,0,0.0,0,-1
184339,Alex Moore,5,4.0,2.2,-1
1820199,Justin Moore,9,4.0,3.5,100
2781521,Virginia Moore,1,1.0,4,0
1475905,Liron Mor,5,4.0,3.4,-1
2711257,Emanuel Mora,1,5.0,4,100
185778,Steve Morgan,19,3.8,2.6,-1
2228898,Robert Morgan,0,0.0,0,-1
2703455,Atieh Moridi,0,0.0,0,-1
854966,James Morin,5,2.8,3,-1
1627657,Stephen Morreale,1,5.0,2,100
1166518,Mark Morris,4,4.9,2.8,100
1882024,Jeanne Moseley,11,3.2,2.5,25
1626896,Roger Moseley,7,4.7,2.8,100
2284509,Jeffrey Moses,1,3.0,1,0
2138737,Pamela Moulton,7,4.5,3.5,100
2446404,Roy Moyal,1,5.0,2,100
1025276,Kenneth Mudge,4,2.9,2.3,-1
855263,Erich Mueller,21,3.0,3.4,44.4444
1636612,Ahmed Muhamed,1,4.0,2,-1
2756306,Curran Muhlberger,4,4.5,3.8,100
449690,Subrata Mukherjee,5,1.9,3.8,-1
1047896,Sreemati Mukherjee,6,4.0,2.2,-1
544427,Vince Mulcahy,12,3.7,2.5,-1
2763529,Nicholas Mulder,1,5.0,2,100
650286,David Muller,3,3.5,3,-1
2294646,Lucia Munguia,8,4.7,3.7,100
2769046,Justin Murfin,0,0.0,0,-1
413922,Timothy Murray,8,2.4,2.5,-1
1615822,Sarah Murray,5,4.8,2.8,100
1911734,Martin Murtagh,0,0.0,0,-1
826920,Camil Muscalu,18,2.8,3.2,100
1793556,Donna Muscarella,6,4.4,2,100
1516742,Kelly Musick,4,4.2,2.5,0
2505500,jordan musser,1,1.0,3,0
2723270,Andrew Musser,25,2.0,4.3,16
1241890,Stephen Mutkoski,6,3.4,3.2,0
180783,Andrew Myers,17,4.3,4.3,100
2154772,Paul Nadasdy,0,0.0,0,-1
2619561,Alex Nading,0,0.0,0,-1
2766229,Tejasvi Nagaraja,1,4.0,2.5,0
197368,John Najemy,14,3.9,3.2,100
1849814,Samuel Nam,2,5.0,3.5,-1
1533020,Abdul Nanji,2,3.0,2.5,0
2576884,Nils Napp,5,1.6,2.8,33.3333
1689011,Rajendran Narayanan,4,4.0,3.8,-1
2402370,Jess Nardulli,20,4.8,2.1,100
2382735,June Nasrallah,2,4.0,4,50
2288942,Traci Nathans-Kelly,1,2.0,3,0
1098363,Muna Ndulo,6,4.9,3.5,-1
185773,Victor Nee,13,3.6,2.4,0
1919376,Ryan Nehring,2,5.0,2,100
2093121,Mark Nelson,2,5.0,2,-1
874861,Sam Nelson,29,4.5,1.8,86.6667
2222046,Rebecca Nelson,4,2.0,3.5,0
162717,Debra Nero,54,3.9,4.2,-1
192541,Anil Nerode,25,2.3,2.1,25
2650203,Natalie Nesvaderani,3,5.0,2.7,100
782452,Anil Netravali,3,5.0,2.7,100
1023521,Eran Nevo,4,3.0,3.8,-1
718731,Amy Newman,8,3.0,3.5,0
2749530,Robert Newman,1,1.0,3,0
2485820,James Newton,0,0.0,0,-1
2351278,Jason Newton,12,3.0,3.1,33.3333
1810447,Siu-Hung (Richard) Ng,4,1.3,4.5,0
2780660,David Ng,0,0.0,0,-1
2323741,Mukoma Ngugi,1,5.0,4,100
2045798,Lena Nguyen,5,4.6,2,100
2493921,Blake Nguyen,3,5.0,3,100
2428678,Karl Nichols,0,0.0,0,-1
963725,Charles Nicholson,2,2.8,4.5,-1
2336440,Phillip Nicholson,3,4.3,3.7,100
1524854,Linda Nicholson,7,4.4,4,100
1927040,Sean Nicholson,20,4.5,2.5,93.75
2654364,Nick Nickitas,2,3.0,1,50
1806907,Jeff Niederdeppe,3,5.0,2.7,100
1852272,Michael Niemack,5,4.6,3.8,100
579937,Karl Niklas,44,4.7,2.5,87.5
540255,Plamen Nikolov,7,4.1,3.3,-1
2486309,Kristoffer Nimark,5,2.6,2.4,40
2201480,Yang Ning,11,4.9,3.1,100
273406,Lisa Nishii,18,4.0,2.3,100
714273,Helen Nivison,6,4.4,4,-1
564283,Jon Njardarson,20,3.3,3.5,-1
650353,J. Njaroarson,3,4.3,4,-1
831585,Drew Noden,8,3.8,4.1,-1
1095418,Jimmy Noriega,33,4.6,3.3,-1
182107,Gregory Norkus,3,4.3,2.3,-1
1730227,Jill North,5,3.7,3.4,-1
386324,Mary Beth Norton,11,3.2,4.3,100
1510019,Alan Nussbaum,2,4.5,2.5,100
672063,Michael Nussbaum,21,1.9,3.7,33.3333
966810,Jan Nyrop,4,4.8,1,100
1721988,Kimberly O''Brien,0,0.0,0,-1
1705573,Thomas O''Rourke,0,0.0,0,-1
1121838,Kimberly O'Brien,20,3.0,2.6,14.2857
1819081,Kyle O'Conner,1,5.0,2,-1
210623,Ted O'Donoghue,25,4.6,3,100
202288,Ralph Obendorf,4,3.2,2.8,-1
474837,Christopher Ober,10,2.3,2.6,100
2660732,Emilio Ocampo Eibenschutz,1,5.0,4,100
1972906,Jonathan Ochshorn,1,5.0,2,100
2176020,Peggy Odom-Reed,13,1.3,4.6,0
220999,Shambhu Oja,8,4.9,2.6,-1
2498336,Bethany Ojalehto,0,0.0,0,-1
319953,Amaechi Okigbo,10,2.2,3.9,-1
949261,William Olbricht,2,3.5,2.5,100
574625,Jurandir oliveira,12,3.7,1.2,100
939839,Porus Olpadwala,11,2.3,4.5,-1
2173961,Mona Olsen,1,4.0,1,100
1322238,Anthony Ong,11,4.9,3.2,-1
2455651,Alexander Ophir,2,4.5,2.5,100
1630834,Samanta Ordonez,2,3.0,3,-1
266830,Sidney Orlov,43,1.6,4.6,-1
2076467,David Orr,1,5.0,3,-1
1446775,Alicia Orta-Ramirez,4,2.6,3.3,0
387427,Carl Ostendarp,22,2.8,4.2,100
202454,Christian Otto,4,4.6,3.3,-1
2376468,Steven Otto,0,0.0,0,-1
216714,Arthur Ovaska,12,3.8,3.2,100
2585896,Kim Overby,3,4.3,2.3,100
2172336,James Overhiser,1,4.0,1,100
2355592,Kadhim Owayez,6,5.0,3.2,100
18310,Thomas Owens,149,2.7,4.4,-1
1165348,Emily Owens,10,2.8,4.1,-1
1548117,Stephanie Owens,10,3.0,3.5,50
2596079,Marie Ozanne,1,4.0,2,100
2260586,Kevin Packard,36,2.3,3.9,27.7778
578437,Hasan Padamsee,15,3.9,1.9,0
384443,Greg Page,8,3.9,2.9,100
1401446,Jaqueline Pak,8,1.3,3,-1
2066691,Steven Paling,2,1.5,1.5,-1
1317241,Eyvindur Palsson,2,4.8,3,-1
240973,An-Yi Pan,14,1.8,2.9,0
1058169,Alex Papanicolopoulos,8,4.9,3.6,100
484509,Anna Paparcone,8,4.3,2.1,100
191718,Slava Paperno,17,4.4,3.3,100
2630481,Francesca Parise,2,3.0,4,50
844913,Travis Park,5,3.1,2.4,-1
1994331,Maria Park,2,4.5,2,100
2010176,Jiwoong Park,1,4.0,4,-1
2667267,Huiju Park,1,4.0,2,100
2708288,Didi Park,2,4.0,1.5,50
151920,Robert Parker,5,3.4,3,0
282363,Jon Parmenter,22,4.0,3.4,80
171743,Jeevak Parpia,15,2.5,3.7,50
766416,Pilar Parra,11,4.3,2,66.6667
197611,Andrea Parrot,17,2.8,3.3,0
2589382,Matthew Paskell,1,4.0,3,100
1432945,Rafael Pass,5,4.8,1.8,-1
2017099,Matthew Paszek,1,3.5,2,-1
682807,Nirav Patel,19,4.7,3.1,-1
1122112,David Patel,7,4.6,2.7,-1
498195,Lorraine Paterson,10,4.7,2.3,-1
1591031,Lisa Patti,1,5.0,1,-1
1828443,Thomas Patton,1,4.5,3,-1
2060873,Dustin Paul,3,4.7,1.3,100
2124371,Michael Paz,10,3.6,3.3,70
452107,Edmundo Paz-Soldan,6,4.2,2.7,100
560345,Lisa Pearo,6,3.4,3.2,0
733786,Mason Peck,7,3.6,2.6,100
2649879,David Peck,0,0.0,0,-1
1329827,Irena Peeva,6,4.0,3.8,100
1458622,David Pelletier,4,2.9,3,0
454374,Hayden Pelliccia,7,4.2,4.6,100
1349485,Aaron Pelttari,1,5.0,2,-1
2217297,Jamol Pender,5,4.2,4,80
2714423,Angeline Pendergrass,0,0.0,0,-1
2503005,Tess Pendergrast,8,5.0,1.8,100
182117,Richard Penner,4,5.0,5,-1
1349267,Sydney Penner,2,4.8,2,-1
1344419,Thomas Pepinsky,11,4.7,3.3,100
305803,Judith Peraino,15,4.3,2.5,80
1461301,Derk Pereboom,14,4.8,2.2,100
560469,Maxim Perelstein,15,4.3,3.5,-1
195472,Pedro Perez,127,2.6,2.7,40
1624052,Seth Perlow,0,0.0,0,-1
195449,Debra Perosio,57,2.6,2.9,20
1847263,Emma Perry,4,3.9,1.8,-1
2263235,Jamie Perry,0,0.0,0,-1
1981434,Jeffrey Perry,10,3.7,2.8,62.5
1605190,Poul Petersen,1,3.0,2,-1
2317262,Kirstin Petersen,2,5.0,1.5,100
235604,Petru Petrina,43,3.8,2.3,100
882332,Jason Phipps-Morgan,3,4.5,1,100
68462,Leigh Phoenix,22,2.9,3,50
1347674,Stuart Phoenix,3,1.3,2.7,0
2121601,Benjamin Piekut,5,3.9,2.2,33.3333
1924322,John Pike,2,4.5,3.5,100
2119369,Viju Pillai,5,5.0,4,100
1320865,Lisa Pincus,5,3.6,2.4,50
528773,Simone Pinet,73,1.8,3.4,38.8889
2666871,Prabhu Pingali,1,2.0,1,0
1452522,Steve Pinkerton,1,5.0,2,-1
1966807,Karen Pinkus,4,2.2,3.5,0
1849014,Judith Piotrkowski,2,5.0,3.5,-1
1631961,Ana Pires,9,3.9,3,-1
2749423,Ekaterina Pirozhenko,2,4.5,3,100
1672733,Clayton Pityk,1,3.0,2,-1
927429,David Pizarro,70,4.2,2.2,92.8571
2715724,Verity Platt,0,0.0,0,-1
1726720,Sharon Poczter,12,3.2,3.2,20
599366,Greg Poe,13,3.0,2.6,-1
1825700,Carl Poitras,36,4.1,3.4,88.2353
144988,Richard Polenberg,27,4.4,2.4,100
452251,Lois Pollack,16,3.0,3.1,0
1105962,Nancy Pollak,17,4.2,2.2,70
1369027,Chris Pollock,1,5.0,4,-1
594443,Clifford Pollock,9,4.3,3.2,100
133695,Steve Pond,18,4.8,1.7,100
1940791,Norman Porticella,9,2.5,2.4,33.3333
943066,Juliana Rangel Posada,2,3.5,4,-1
2779309,Simon Posner,0,0.0,0,-1
160886,Uri Possen,9,3.5,2.7,-1
330287,Gordon Potter,8,3.0,2.8,66.6667
1020732,Sarah Powers,2,4.8,3.5,-1
131128,David Powers,26,3.3,3.1,33.3333
1869708,Eswar Prasad,3,4.2,4,100
798105,Rachel Prentice,12,2.7,3.7,100
1811771,Adam Price,0,0.0,0,-1
2245889,Michael Prior,6,5.0,3.7,100
1106585,Sara Pritchard,7,3.5,3.1,66.6667
1634965,Marvin Pritts,4,5.0,1.2,100
134464,Philip Protter,15,3.5,2.7,-1
2276923,Devon Proudfoot,5,4.6,2.2,80
294734,Will Provine,21,4.1,3,-1
1624800,Victoria Prowse,1,3.0,1,-1
2522079,Sara Pryor,2,5.0,4,100
1420964,Mark Psiaki,7,4.1,4.9,-1
470767,Pietro Pucci,11,3.3,2.9,-1
2703304,Antonio Pugliese,1,3.0,4,0
2044384,David Putnam,1,3.5,2,-1
1114878,Ling QI,13,3.9,4.2,-1
1926314,Shu-Bing Qian,8,3.0,3.6,50
2667265,Kunyuan Qiao,1,4.0,2,100
2458063,Andrew Quagliata,3,2.3,4,33.3333
182138,Daniel Quan,10,2.8,4.3,0
405246,Andrea Quaroni,9,4.2,2.6,-1
2684204,Kevin Quin,1,5.0,3,100
1084209,Ernesto Quinonez,6,4.3,1.7,100
2333410,Susan Quirk,3,3.7,3.7,33.3333
2439788,Jennifer Rabedeau,1,4.0,3,100
2381794,Jeffrey Rachlinski,7,4.7,3.9,85.7143
906909,Anita Racine,8,4.6,4.3,-1
984385,Dana Radcliffe,2,2.8,4,0
831522,Stanka Radovic,4,4.9,3.3,-1
1633694,Remus Radu,1,4.0,2,-1
2703563,Zahid Rafiq,0,0.0,0,-1
1187015,Robert Raguso,5,4.5,3.4,-1
2527103,Natasha Raheja,3,2.3,3.3,33.3333
2471662,Jay Rakow,0,0.0,0,-1
1973793,Dan Ralph,1,5.0,3,-1
172971,Ravi Ramakrishna,32,4.7,3.8,100
1701515,Kandukuri Venkat Raman,2,5.0,3,100
1872046,Lucinda Ramberg,6,3.7,3.2,50
1401481,Nandini Ramesh-Sankar,1,1.5,4,-1
2534277,Brad Ramshaw,2,5.0,3,100
2599865,Aziz Rana,1,5.0,2.5,100
653625,Farhan Rana,26,4.6,4.6,28.5714
307179,Richard Rand,23,4.1,2.7,71.4286
195437,Christine Ranney,6,1.9,1.8,-1
1867464,Olena Rarytska,2,3.0,3.5,-1
371779,Masha Raskolnikov,39,3.5,3.1,61.5385
1998135,Kathleen Rasmussen,2,3.5,3,50
2289762,Jessica Ratcliff,2,1.5,2,0
1209199,Jennifer Ray,2,4.8,1,-1
2450455,Annalisa Raymer,2,2.0,3,0
286790,Linda Rayor,14,4.0,2.4,100
280793,Kenneth Reardon,11,4.8,2.5,-1
491349,Eric Rebillard,24,2.3,3.3,80
875886,Geoffrey Recktenwald,20,4.8,3.1,-1
2211557,Amanda Recupero,1,5.0,2,100
507157,Mary Kay Redmond,24,4.3,2.7,100
1027054,Anthony Reed,1,2.0,3,-1
1517475,Andrew Reed,1,3.0,4,-1
2282483,Robert Reed,1,3.0,3,100
2498480,Krystia Reed,0,0.0,0,-1
2653632,Alex Rees-Jones,1,1.0,5,0
599011,Kern Reeve,12,4.8,2.7,100
218799,Anthony Reeves,10,3.0,3.4,0
628774,Joe Regenstein,9,1.4,2,0
2248407,Matthew Reid,1,5.0,1,100
2310097,Danielle Reid,1,4.0,1,100
2731082,Jasmine Reid,1,5.0,3,100
1955706,Jonathan Reinhardt,8,5.0,3.6,100
1634805,Cynthia Reinhart-King,2,4.5,3,-1
193652,James Renegar,22,3.4,3.7,100
530590,Sidney Resnick,28,2.0,4.2,0
2586005,Adriana Reyes,1,4.0,2,100
1695327,William Reyes-Cubides,30,4.8,3.6,100
2167253,Jacqueline Reynoso,5,3.6,3.2,60
2710393,Alice Rhee,4,4.8,2,100
2373967,Emily Rials,2,5.0,3,100
2419833,Peter Rich,11,3.5,3.3,72.7273
2703011,Brian Richards,1,5.0,1,100
2035548,Annette Richards,4,5.0,2,100
736895,Betty Richardson,7,2.0,4.3,100
1685791,Richã© Richardson,0,0.0,0,-1
2006131,Henry Richardson,0,0.0,0,-1
2338017,Riché Richardson,2,4.5,2.5,100
1794256,Troy Richardson,5,2.2,3.2,50
1184943,Ruth Richardson,11,4.2,2.6,100
1247898,Jolene Rickard,10,3.5,3.2,50
2781516,Bradley Rickard,0,0.0,0,-1
2109290,Russell Rickford,3,4.3,2.5,66.6667
1828965,Chris Riddell,5,3.5,2.8,100
2352446,Dominik Riechers,1,4.0,2,100
2341741,Evan Riehl,5,4.4,2.8,80
2432925,Susan Riha,0,0.0,0,-1
2201228,Timothy Riley,0,0.0,0,-1
1634915,Tim Riley,4,4.0,2.8,100
2666869,Marquise Riley,7,5.0,2.7,100
2250227,Ben Rissing,16,5.0,2.4,100
1526046,Hadas Ritz,32,3.7,3.5,50
1443913,John Robbins,3,4.8,2.3,-1
1754282,Camille Robcis,1,4.0,3,-1
807343,Kenneth Roberts,8,4.2,3,100
1691335,Clifford Roberts,2,4.8,2.5,-1
2699926,Dave Roberts,6,5.0,2.5,100
529936,Steven Robertson,2,4.5,3.5,-1
1384914,X Robertson,2,5.0,2,-1
2654551,Cynthia Robinson,2,3.5,3,100
1986662,Richard Robinson,4,1.5,3.2,25
2727307,Ewan Robinson,1,2.0,5,0
182113,Stephani Robson,20,4.2,3.7,75
1700389,Courtney Roby,4,3.3,2.9,50
2367903,Cara Rock-Singer,0,0.0,0,-1
2369971,Aaron Rock-Singer,3,4.3,4,66.6667
2517592,Paul Rodewald,0,0.0,0,-1
1377662,Will Rodgers,2,2.8,2,-1
528779,Jose Maria Rodriguez-Garcia,21,4.9,3.2,-1
2590381,Kristin Roebuck,6,4.0,3.3,66.6667
2134686,Sean Rogers,7,4.7,1.9,100
2337183,Dehanza Rogers,0,0.0,0,-1
1824246,Marcela Romero Rivera,1,3.0,2,0
2583922,Noliwe Rooks,1,1.0,2,0
858267,Mats Rooth,3,2.1,3.3,0
2372167,Félix Rosario Ortiz,3,5.0,3.3,100
2669872,Bryn Rosenfeld,2,5.0,4,100
1401105,Saul Rosenthal,1,4.0,3,-1
1536129,Douglas Ross,8,4.2,3.6,75
492459,Judy Ross-Bernstein,4,3.0,3.8,-1
1009112,Faust Rossi,6,4.8,4,-1
411462,Margaret Rossiter,3,4.2,1.3,-1
1073986,Arina Rotaru,8,3.1,2.9,-1
1406118,Nick Roth,2,4.8,2,-1
2456128,Ken Rother,0,0.0,0,-1
913566,Jeannine Routier-Pucci,9,4.7,3.2,-1
2063015,Eric Rowe,3,4.8,2,-1
424014,Diane Rubenstein,5,3.9,2.4,100
2102864,Daniel Rubin,0,0.0,0,-1
1258139,Brian Rubineau,25,2.4,3.5,0
2697956,Ivan Rudik,0,0.0,0,-1
9721,Andrew Ruina,58,2.9,3.5,70
832272,Antonia Ruppel,10,4.3,2.5,-1
1295485,David Ruppert,5,2.3,3,0
915203,Bruce Rusk,7,4.0,3.3,-1
1207375,Paat Rusmevichientong,3,5.0,2,-1
2589387,Nerissa Russell,1,4.0,2,100
646668,Jonathan Russell-Anelli,6,4.0,3,0
145190,Toni Russo,22,2.8,2,-1
2709590,Joseph Russo,0,0.0,0,-1
380206,Jeffrey Rusten,9,4.3,1.8,100
16475,Thomas Ruttledge,145,3.5,3.9,44
2378200,Matthew Ryan,1,4.0,2,100
2222056,Matt Ryan,2,3.5,2,100
1063401,Gideon Saar,4,2.2,3,0
2317229,Mert Sabuncu,2,4.0,2.5,100
165842,Neil Saccamano,13,4.5,3.5,100
155619,Tyson Sacco,26,3.6,3.9,100
606714,Aaron Sachs,17,3.8,3.4,75
185115,Wolfgang Sachse,44,2.1,3.8,16.6667
1935616,Gavin Sacks,0,0.0,0,-1
304063,Ahren Sadoff,21,2.5,3.4,0
1476718,Carl Sagan,5,5.0,1,-1
2557939,David Sahn,0,0.0,0,-1
2660643,Mridusmita Saikia,3,2.7,3.7,33.3333
1817682,Andrew Sale,1,5.0,2,-1
2399360,Matthew Saleh,24,4.7,2.7,100
2292681,Laurent Saloff-Coste,16,2.6,3.6,31.25
893964,Nick Salvato,6,4.7,3.3,-1
43983,Nick Salvatore,51,2.7,4.3,-1
272012,Gennady Samorodnitsky,29,3.3,3.4,44.4444
2217295,Adrian Sampson,2,4.5,3.4,100
593479,Shirley Samuels,6,5.0,3.8,100
1150411,Arturo Sanchez,6,3.8,3.2,-1
197585,Elizabeth Sanders,20,2.8,3.2,100
2268390,Nicholas Sanders,30,4.4,2.5,93.3333
1897125,John Sanderson,4,4.3,2.5,100
2617307,Jessica Sands,0,0.0,0,-1
855260,Steven Sangren,8,3.1,2.9,0
1964333,Paromita Sanyal,1,2.0,2,-1
1294602,Robert Sarachan,9,3.1,2.7,50
2713272,Mark Sarvary,0,0.0,0,-1
1554388,Sharon Sassler,47,1.8,4.3,10
2323637,Maria Savella,1,4.0,3,100
1984145,Dmitry Savransky,5,3.3,4.4,100
221173,Paul Sawyer,12,3.8,2.5,100
1414895,Ashutosh Saxena,17,2.1,4.2,-1
272077,Anna Scaglione,11,2.8,2.8,-1
1322643,Michael Scanlon,10,4.1,2.8,100
2773644,Daniel Schade,1,4.0,2,100
914689,Chris Schaffer,10,3.2,3,-1
294743,Nava Scharf,19,4.3,2.3,100
560517,Al Schatz,10,3.6,2.2,100
2601522,Katya Scheinberg,4,2.3,3.3,0
132503,Christine Schelhas-Miller,29,3.6,2,-1
836083,Jens Schellhammer,7,3.3,3,-1
1870839,Lauren Schenkman,1,4.0,2,-1
195632,Clifford Scherer,25,3.9,2.6,-1
2708285,Brenda Schertz,1,5.0,3,100
1303857,John Schimenti,5,4.2,3.8,66.6667
1233454,Erik Schmidt,2,4.5,2.5,-1
1044587,Stephan Schmidt,47,2.7,3.4,0
748119,Todd Schmit,3,4.8,2.3,-1
2744426,Casey Schmitt,0,0.0,0,-1
2624393,Brock Schmutzler,15,1.5,4.3,6.6667
2703388,Landon Schnabel,2,4.5,1.8,100
351709,Fred Schneider,17,2.6,3.3,0
2040799,David Schneider,7,1.7,2.1,16.6667
2029857,Rebecca  Schneider ,1,4.5,2,-1
1760656,Henry Schnieder,1,5.0,1,-1
1041161,Dawn Schrader,14,3.1,2.7,66.6667
1190770,Frank Schroeder,3,2.5,4,-1
1767222,Jonathon Schuldt,5,4.8,2.6,100
241816,Richard Schuler,29,2.2,3,-1
135538,Bill Schulze,29,3.4,1.7,100
739712,Jennifer Schwade,15,3.5,2.5,33.3333
285693,Steve Schwager,11,2.9,3.5,-1
56605,David Schwartz,52,3.1,3.3,-1
411812,Daniel Schwarz,14,4.2,3.1,100
740761,Anette Schwarz,8,4.8,2.6,100
1247322,Norm Scott,1,4.0,1,-1
2448379,Jeffrey Scott,1,5.0,2,100
2698369,Daniela Scur,1,4.0,4,100
2334761,Kevin Seaman,0,0.0,0,-1
1801966,Jeremy Searle,3,4.7,2.3,100
894715,Matthew Sears,1,5.0,2,-1
164982,Thomas Seeley,11,4.4,2.6,-1
163181,Harry Segal,79,4.2,2.4,100
2154783,Rebecca Seguin,3,4.0,2,66.6667
1279686,Kathy Selby,11,4.9,2.3,100
1637496,Stefano Selenu,1,4.0,2,-1
185518,Jim Self,6,4.5,2.5,-1
154695,Bart Selman,17,2.1,2.5,0
1614983,Vimal Selvaraj,35,3.0,4.4,38.8889
560507,Shankar Sen,24,2.8,3,53.3333
518980,Phoebe Sengers,9,4.0,2.4,75
842345,Sarah Senk,7,5.0,3.1,-1
2050002,Victor Seow,0,0.0,0,-1
1798287,Anuk (pin) Serechetapongse,1,5.0,4,-1
828044,Suman Seth,13,4.7,3.7,50
64479,Neelam Sethi,19,2.4,3.6,50
563599,Charles Seyler,7,4.8,3,100
1282909,Margaret Shackell-Dowell,3,2.7,2.7,100
1843157,Reza Shahbazi,3,4.5,3.3,-1
2694792,Abdel-Fattah Shahda,0,0.0,0,-1
2588837,Shelby Shankel,0,0.0,0,-1
1344382,Wenteng Shao,2,4.8,4,-1
313384,Mike Shapiro,12,2.7,2.8,100
893006,Gavriel Shapiro,6,3.0,3,0
11369,Jim Shapleigh,5,3.6,2.6,50
2607824,James Shapleigh,2,3.5,3.5,100
1992945,Rahul Sharma,1,3.0,3,-1
594229,Harry Shaw,10,3.8,2.3,100
1410409,Kerry Shaw,3,3.2,2,100
2495177,Alison Shea,1,5.0,2,100
182251,James Shealy,22,3.6,4.2,100
283246,Martin Shefter,17,2.5,2.4,-1
836080,Jens Shelhammer,2,3.2,3,-1
1895460,Karl Shell,1,5.0,4,100
1684917,Xiling Shen,0,0.0,0,-1
1082657,Kyle Shen,33,4.8,3.8,100
2537060,Annie Sheng,1,5.0,3,100
1954255,Robert  Shepherd,5,4.7,2.6,100
2247781,Samir Sherali,1,5.0,3,100
2733249,Marty Sherman,0,0.0,0,-1
2107486,Emily Sherwin,1,2.0,4,-1
2082094,Elaine Shi,3,3.2,3.3,100
2680410,Linda Shi,0,0.0,0,-1
413916,Michael Shin,10,2.6,2.8,-1
185456,David Shmoys,9,4.1,3,-1
1006282,Christine Shoemaker,6,2.4,3.2,-1
187564,Shalom Shoer,41,4.7,2.7,100
1841299,Farbod Shokrieh,22,4.2,3,100
441633,Richard Shore,4,3.5,4.3,-1
2669969,Tianyi Shou,0,0.0,0,-1
2698367,Suzanne Shu,6,3.7,3.3,50
2305397,Gennady Shvets,4,3.5,4.3,50
226025,Ted Sider,6,4.6,2.2,-1
538926,Sandra Siegel,11,1.1,4.7,-1
2045431,Elke Siegel,3,5.0,1.3,100
2699930,Nora Siena,1,5.0,4,100
1200961,Juan Sierra,5,3.0,4,-1
350209,Albert Sievers,6,2.9,3.8,-1
1806249,Meredith Silberstein,19,1.9,3.9,14.2857
885969,Niko Silins,9,3.6,3.2,100
1734100,Deborah Sills,0,0.0,0,-1
1343929,Thomas Silva,24,4.8,2.1,88.8889
271282,Andrea Simitch,20,2.8,4.2,0
357671,Daniel Simon,14,1.7,3.9,-1
817956,Michael Simons,3,3.5,3,-1
990012,Tony Simons,10,2.1,3.6,20
2288285,James Sinclair,7,4.7,3.9,85.7143
850457,Wesley Sine,3,5.0,1.3,100
2451607,Andrej Singer,1,5.0,3,100
1209200,Kavita Singh,3,3.8,2.3,-1
971576,Sujata Singh,9,3.3,3,0
370209,John Sipple,18,3.2,3.5,57.1429
203512,Emin Gun Sirer,26,3.7,3.7,-1
560515,Reyer Sjamaar,21,4.0,3.7,68.75
2367270,Joseph Skovira,3,5.0,1.7,100
2740259,Vince Slaugh,2,5.0,2.5,100
2769228,Vincent Slaugh,0,0.0,0,-1
2126216,Rebecca Slayton,3,5.0,2.3,100
1442355,Greg Sloan,4,3.0,3.3,66.6667
192511,Meredith Small,17,3.6,2.8,-1
278132,Anna Marie Smith,8,4.1,3.6,-1
520445,Gary Smith,1,4.0,3,-1
2282171,Jared Smith,3,4.0,4.3,66.6667
2501321,Sasha Smith,1,2.0,4,100
2649638,Michelle Smith,1,5.0,3,100
2585993,Adam Smith,3,3.7,3,66.6667
321716,Robert Smith,21,4.3,2.7,100
2147273,Melissa Smith,20,4.5,3.1,88.8889
1382547,David Smith,14,4.5,3.1,-1
1427396,Noah Snavely,4,4.4,2,-1
1173517,Amanda Snellinger,2,4.2,4,-1
1872007,John Paul Sniadecki,4,4.8,4,-1
182083,Craig Snow,34,4.0,4.7,100
1978942,David Snyder,3,4.8,3.3,100
1531030,Jeffery Sobal,4,3.4,2,66.6667
2389418,Melanie Soberon,1,4.0,2,100
511286,Dotsevi Sogah,39,2.6,3.6,-1
1870414,Susanne Solomon,2,3.8,2.5,-1
2351871,Paul Soloway,0,0.0,0,-1
1347424,Meejeong Song,3,5.0,2,-1
240122,Bill Sonnenstuhl,9,4.3,1.6,100
798515,Nicholas Soodik,6,4.9,2.8,-1
2060168,Tim Sorg,4,5.0,2.3,-1
2432924,Scott Sorrell,0,0.0,0,-1
2371399,Philippe Sosoe,3,3.7,3.7,66.6667
1536597,Natalie Yasmin Soto,1,4.5,3,-1
2651835,Libby Southgate,1,4.0,3,0
2470068,Thomas Sowell,0,0.0,0,-1
1475907,Roger Spanswick,1,5.0,3,-1
197356,Christine Sparfel,21,4.7,2.8,-1
2450392,Michael Sparhuber,1,5.0,3,100
270478,Birgit Speh,20,2.0,3.4,11.1111
766048,Michael Spencer,9,2.3,4.3,100
1172535,Rupert Spies,2,2.2,4,-1
2694921,James Spinazzola,1,2.0,3,0
2382315,Stephen Spinelli,1,5.0,3,100
273248,Michael Spivey,25,3.8,2.5,0
1784976,R. Nathan Spreng,5,3.4,3.6,50
2060610,Abigail Sprenkle,0,0.0,1,100
618409,Steven Squyres,25,4.5,2.9,100
2141165,Karthik Sridharan,9,2.0,4.5,50
2779397,James Staap,0,0.0,0,-1
270810,Gordon Stacey,12,4.0,3.5,100
2734007,Sara Stamatiades,0,0.0,0,-1
1062248,Sean Stapleton,3,4.7,2.7,-1
131124,Deborah Starr,6,3.4,1.8,50
1911889,William Starr,7,4.2,1.8,80
459880,Jery R. Stedinger,13,3.7,3.2,0
2590920,Richard Stedman,2,5.0,2.5,100
1739637,Selenu Stefano,0,0.0,0,-1
268053,Peter Stein,11,2.4,2.7,-1
2719324,Justin Steinberg,0,0.0,0,-1
922144,Melanie Steiner,0,0.0,0,-1
2373938,Karin Sternberg,3,4.0,1.8,66.6667
2703391,Robert Sternberg,2,3.0,2.5,50
2164696,Mary Stevens,1,5.0,4,100
2098151,Harry Stewart,2,4.5,2.5,100
2012776,Scott Stewart,4,5.0,4,100
2652406,Tyrell Stewart-Harris,3,3.0,4,33.3333
746871,Tom Stiadle,9,3.8,2.8,0
489351,Michael Stillman,43,4.6,2.8,100
2455296,Matthew Stoltz,0,0.0,0,-1
1559098,Joerg Stoye,8,4.1,3.6,100
185780,David Strang,13,2.7,2.2,0
2605457,Aoise Stratford,0,0.0,0,-1
36445,Barry Strauss,31,4.6,3,83.3333
1689439,Kristen Streahle,26,4.3,3.1,50
464243,Paul Strebel,21,4.2,1.8,100
154651,Deborah Streeter,36,4.6,3.7,-1
325488,Robert Strichartz,18,2.2,3.2,50
2316167,Seth Strickland,2,4.0,4.5,0
423457,Steven Strogatz,48,4.7,2.9,94.4444
2406444,Steven Strogatze,0,0.0,0,-1
1862981,Abraham Stroock,5,3.2,3,33.3333
2031651,Christoph Studer,8,4.8,3.6,100
153943,Nick Sturgeon,24,3.6,2.8,0
150288,Michael Sturman,6,3.7,2.8,-1
183722,Byron Suber,8,3.3,3.4,0
1314223,"Gookwon ""Edward"" Suh",14,3.0,3.4,42.8571
543604,Robert Sukle,14,3.5,3.6,0
721320,Patrick Sullivan,23,3.5,1.9,100
2705103,Joseph Sullivan,2,4.5,2,100
2702084,Wen Sun,1,5.0,4,100
2202012,Jin Suntivich,0,0.0,0,-1
2664871,Hema Surendranathan,1,5.0,2,100
2132370,Shalu Suri,0,0.0,0,-1
135820,Alex Susskind,23,3.6,3.6,50
1377896,Nate Sutter,1,4.0,4,-1
1385466,Christine Suwendy,1,4.5,2,-1
1178634,Misako Suzuki,11,4.8,3.1,100
1891884,Khena Swallow,18,2.4,3.1,21.4286
2398655,Edward Swartz,5,4.0,3,60
185782,Richard Swedberg,19,4.3,2.1,100
170016,Szonja Szelényi,33,4.9,1.4,-1
2769054,Daniel Szpiro,0,0.0,0,-1
182109,Mary Tabacchi,25,3.0,2.6,-1
1272083,John Taber,2,1.0,2.5,-1
2651844,Laura Tach,3,5.0,2.3,100
2100910,Stan Taft,4,4.8,2,100
134345,Eric Tagliacozzo,30,4.8,2.4,100
1798279,Kei Fung (dennis) Tai,1,4.5,2,-1
1017662,Daima Taimina,4,2.5,3.5,-1
2126546,Olufemi Taiwo,1,4.0,3,100
2009673,Meghnaa Tallapragada,1,4.0,2,-1
1172248,Danielle Tan,11,4.4,2.9,-1
1688960,Raluca Tanase,4,2.4,3.5,0
2446976,Ao Tang,1,3.0,4,0
2494148,Xiudi Tang,1,2.0,4,0
2653859,Simone Tang,2,5.0,2.5,100
135505,Jim Tantillo,21,3.9,3.9,25
1698563,Neil Tarallo,7,4.7,3.3,100
2772948,Kasey Tarantino,1,1.0,1,0
284612,Eva Tardos,11,3.9,3.4,100
653161,Loren Tauer,11,3.8,3.5,85.7143
1275619,Erin Taylor,17,3.0,3,0
2041565,Alan Taylor,0,0.0,0,-1
2295866,Samuel Taylor,0,0.0,0,-1
2643567,Keith Taylor,1,5.0,4,100
2701193,Nicholas Taylor,2,5.0,3,100
2223636,Nelson Tebbe,2,3.5,3,50
560050,Qiuyun Teng,7,4.2,3.4,100
1695830,Jonathan Tenney,7,4.6,2.1,100
316681,Sharon Tennyson,11,3.8,2.3,100
132173,Robert Terrell,65,3.7,2.7,100
503069,Maria Terrell,125,3.0,3.7,50
832389,Yervant Terzian,3,3.8,2.3,-1
1363272,Brisa Teutli,16,4.3,3.3,80
2016496,Anna Thalacker-Mercer,2,3.3,2.5,0
2344101,Jennifer Thaler,3,2.7,2.7,33.3333
2659609,Felix Thoemmes,1,1.0,5,0
893397,Julia Thom-Levy,10,3.8,2.5,-1
2260857,Mallika Thomas,4,3.5,4,50
1913576,Stephanie Thomas,67,2.8,3.2,35.8491
2454864,Brianna Thompson,1,4.0,4,100
1200506,Michael Thompson,10,4.5,3.6,100
182101,Gary Thompson,9,2.8,4.3,28.5714
2651967,Nafissa Thompson-Spires,0,0.0,0,-1
1042119,Michael Thonney,2,3.0,2.5,100
476070,Robert Thorne,26,3.5,3.5,20
2665545,Zhiting Tian,2,3.5,3,50
1136784,Keith Tidball,14,4.6,3.2,-1
1642634,Mary Tierney,0,0.0,0,-1
1801158,Sam Tilsen,8,2.5,3.8,16.6667
1020319,Mike Timmons,5,4.0,2.2,100
629071,Ward Tingey,2,4.2,2,-1
1623379,Rafael Tinoco,1,4.5,3,-1
2109793,Damien Tissot,2,5.0,3.5,100
2667502,John Tobin,2,3.5,2,50
2467344,Kim Todt,2,1.0,2,0
288487,Pamela Tolbert,23,2.8,2.1,100
1854543,Michael Tomlan,0,0.0,0,-1
1890683,Lang Tong,6,2.0,3.7,0
306440,Shawkat Toorawa,15,4.4,2.1,100
686729,Huseyin Topaloglu,8,4.8,2.8,-1
2715723,Thierry Torea,0,0.0,0,-1
2514820,Dan Torop,2,1.0,4.5,0
482797,Kenneth Torrance,9,3.2,2.9,-1
1342799,Brant Torres,4,4.5,2.8,-1
2361357,Alex Townsend,25,4.2,3.9,84
316737,Bruce Tracey,11,4.7,2.1,100
401872,Thuy Tranviet,6,3.2,3.5,-1
1613952,Leon Trataine,0,0.0,0,-1
813443,Robert Travers,15,4.4,3.2,100
1777798,Rodrigo Trevino,2,4.2,2.5,-1
2051202,Brandon Tripp,11,4.9,2.5,100
1779527,Maxim Troshkin,15,4.0,2.2,83.3333
378475,Leslie Trotter,10,2.9,3.1,-1
2260768,Immanuel Trummer,11,3.5,3.4,54.5455
2781042,Katherine Tschida,0,0.0,2,100
856933,Helen Tseng,3,4.7,1.3,-1
769776,Viktoria Tsimberov,6,4.6,3,100
2780509,Margarita Tsoutsoura,0,0.0,0,-1
1135085,Viktor Tsyrennikov,5,3.8,3.4,-1
2187611,Zhexiu Tu,1,5.0,2,100
285696,Scott Tucker,9,5.0,3.8,-1
450865,S. Tun,4,2.9,3.5,-1
566506,Bob Turgeon,39,2.8,3.6,28.5714
591200,Bruce Turnbull,10,2.3,3.4,-1
221639,Lowell Turner,31,4.0,2.4,71.4286
503386,Cynthia Turner,7,4.6,3.7,-1
1567449,Mark Turnquist,2,4.5,2.5,-1
2681047,Alice Turski,1,1.0,3,0
2137682,Lia Turtas,0,0.0,0,-1
1739670,Calum Turvey,6,1.8,3.8,0
149961,Bik Tye,27,2.0,3.4,-1
561419,Henry Tye,10,3.2,3.9,-1
2649362,Madeleine Udell,8,1.6,4.1,25
1579736,Audrey Ukhov,13,4.4,1.8,100
782456,"Christopher ""Kit"" Umbach",11,3.1,3.3,33.3333
2052306,Melike Unal,0,0.0,0,-1
479462,Sinan Unur,22,3.0,2.6,-1
2439840,Norman Uphoff,0,0.0,0,-1
2462003,Chad Uran,1,4.0,4,100
135493,David Usher,34,3.5,3.1,-1
2555672,Jaret Vadera,1,4.0,3,100
1020284,Richard Vale,6,4.7,3.5,-1
600641,Francisco Valero Cuevas,3,2.3,1.3,50
1876171,Marie-Claire Vallois,3,3.0,3.3,50
1124834,Mike Van Amburgh,8,3.6,2.5,100
274172,Linda Van Buskirk,20,3.2,3.6,100
1467921,Lyrae Van Clief-Stefanon,4,4.2,3.5,100
2061847,Nicolas van de Walle,20,3.5,3,73.3333
223281,Marjolein Van Der Meulen,12,2.8,3.4,-1
1845016,Robert Van Dover,13,4.2,2.7,60
2259484,Harold van Es,2,4.5,3,100
151911,Cindy Van Es,76,4.0,2.9,52
357392,Charles Van Loan,27,3.1,3.6,0
2595758,Astrid Van Oyen,4,5.0,1.8,100
2497749,Robbert Van Renesse,6,3.3,3.3,50
2581012,Marten van Schijndel,4,4.3,4,75
2747318,Anke van Zuylen,7,4.4,4.1,87.5
1571250,Justine Vanden Heuvel,2,5.0,2,-1
951673,Robert Vanderlan,4,4.2,2.5,-1
1485138,Francis Vanek,5,3.2,2,-1
714045,Julian Varas,3,1.3,4,-1
873778,Jeffrey Varner,6,3.8,2.3,33.3333
2290958,Jeanne Varney,6,2.0,2.2,16.6667
2767375,Aditya Vashistha,1,5.0,2,100
599013,Stephanie Vaughn,10,4.0,3.5,100
2434016,Matthew Velasco,5,5.0,2.6,100
1901455,Ramon Velazquez,1,3.5,3,-1
2614705,Nate Veldt,2,5.0,3,100
608767,Hector Velez-Guadalupe,5,4.4,2.2,-1
250500,Paul Velleman,77,2.5,3.1,44.4444
2607857,Sophia Veltfort,3,5.0,2.7,100
204714,Robert Venables,22,3.3,1.4,100
1347240,Mukund Vengalattore,12,4.5,3.7,75
2437238,Adam Venom,1,5.0,4,100
1462774,Claudia Verhoeven,12,4.5,3.5,85.7143
1838349,Rohit Verma,0,0.0,0,-1
2268969,Francoise Vermeylen,0,0.0,0,-1
1405730,Joseph Veverka,1,5.0,2,-1
2709375,Stephen Vider,1,5.0,3,100
2603859,Sofia Villenas,2,5.0,3,100
1738660,Lynne Vincent,2,5.0,2.5,-1
876368,Helena Viramontes,7,4.8,1.9,100
344028,Alexander Vladimirsky,15,3.4,4.1,100
746492,Kathleen Vogel,13,3.5,3.2,-1
1730055,Volker Vogt,5,3.8,4.4,100
2607827,Caleb Vogt,2,4.5,2.5,100
1748140,Amy Voida,1,2.0,1,-1
813845,Tom Volman,13,3.0,2.8,-1
1173684,Thomas Volman,3,3.7,3.3,100
2017564,Yen Vu,1,5.0,5,100
2368556,Hoang Vu,1,1.0,4,0
141404,Paul Wagner,9,4.5,2.1,-1
1658929,Aaron Wagner,7,5.0,4,100
482546,Lars Wahlbin,8,2.9,3.8,-1
2634446,Geoffrey Waite,0,0.0,0,-1
99055,Charles Walcott,39,4.1,3.4,-1
1533591,Jane Walcott,5,4.9,4.2,100
2326475,Adam Walden,6,1.5,2.7,16.6667
2603881,Michael Waldman,0,0.0,0,-1
407356,Colette Waldron,29,4.2,2.5,66.6667
870989,Treven P Wall,6,2.2,4.5,-1
2729670,Jeremy Wallace,1,5.0,2,100
1114653,Matthew Wallaert,2,5.0,3.5,-1
2016667,Katherine Wallas,0,0.0,0,-1
456394,Maureen Waller,10,4.0,1.7,-1
379649,Kate Walsh,7,4.6,2.9,-1
1463876,Marygold Walsh-Dilley,3,4.3,2.3,-1
568824,Todd Walter,10,4.7,2.7,100
602855,Joe Walther,5,3.2,4,0
160880,Henry Wan,35,3.8,1.7,-1
225973,Jane Wang,4,2.6,3.5,-1
2295182,Fei Fei Wang,2,3.0,4,50
789402,Brian Wansink,6,3.8,3,-1
2152001,Melissa Warden,2,4.5,2.5,100
880763,Zellman Warhaft,6,2.8,3.7,-1
1183755,Val Warke,1,4.5,3,-1
552375,Sara Warner,9,4.8,3.4,-1
848794,Ding Xiang Warner,13,3.1,3.1,0
2607819,Jonathan Warner,1,4.0,3,100
1272529,Derek Warner,4,4.2,2.3,100
1143735,Mildred Warner,9,2.3,3.6,0
896889,Margaret Washington,6,3.2,4.2,100
1028443,Audrey Wasser,0,0.0,0,-1
1656228,Mariam Wassif,0,0.0,0,-1
1513009,Jill Watson,3,5.0,2.3,-1
2673474,Chekesha Watson,1,1.0,3,0
343917,Christopher Way,17,4.0,3.4,75
2182800,Anna Waymack,0,0.0,0,-1
745135,Randy Wayne,28,3.0,2.6,100
490285,Frank Wayno,4,4.4,2.8,-1
1547176,Hakim Weatherspoon,10,2.4,3.8,0
1688346,Makda Weatherspoon,7,4.8,2.4,100
1427106,Ben Weber,2,4.2,2,-1
272143,Monroe Weber-Shirk,19,4.8,2.5,100
403520,James Webster,11,3.0,3.1,0
185775,Kim Weeden,26,4.3,2.8,80
1249409,Jessica Weeks,5,4.8,3.2,-1
2703377,Marten Wegkamp,1,4.0,3,100
37207,Rachel Weil,31,3.0,3.6,50
1138435,David Weinbaum,1,5.0,3,-1
2254913,Kilian Weinberger,41,3.4,2.9,59.5238
1679995,Allison Weiner,16,4.9,3.2,100
2024512,Pamela Weisberg-Shapiro,3,3.0,2,0
213897,John Weiss,25,3.6,2.1,75
2147275,Michael Weiss,0,0.0,0,-1
2619646,Marina Welker,2,5.0,2.5,100
1032599,Jay Wellman,10,4.8,2.8,-1
346768,Marty Wells,11,3.1,3.2,33.3333
1166522,Jerry Wells,4,3.0,4,-1
1921867,Bradford Wellstead,11,1.8,3.7,14.2857
1800197,Sally Wen Mao,2,1.5,3,-1
1191142,Anke Wessels,4,4.1,2,-1
2063016,Chelsea Wessels,2,4.5,3.5,-1
2278094,Elizabeth Wesson,0,0.0,0,-1
2094872,David West,0,0.0,0,-1
2406590,Jim West,3,1.3,2,33.3333
2420605,James Westwater,1,4.0,2,100
335170,Elaine Wethington,14,2.9,2.3,-1
1171479,Gwyneth Whieldon,3,3.7,3.3,-1
1705832,Walker White,96,4.7,3.1,91.9355
1511131,Charles Whitehead,6,4.0,4,0
2050974,Claire Whitenack,1,4.0,4,100
1850116,Tom Whitlow,5,4.2,1.8,-1
397232,John Whitman,11,4.5,2.6,50
2493926,Andrew Whitmore,10,3.1,3.8,63.6364
1421232,Adam Wickenheiser,3,3.2,1.7,-1
478261,Stephen Wicker,14,4.5,1.8,100
650287,Lisa Wickham,19,3.4,3.7,50
498671,Benjamin Widom,12,4.7,3.4,100
1568118,Martin Wiedmann,0,0.0,0,-1
591203,Ulrich Wiesner,7,2.5,3.4,33.3333
2667093,Matthew Wilkens,5,5.0,3,100
178449,Andrew Willford,13,3.5,2.4,16.6667
815212,Linda Williams,2,2.5,3.5,-1
1275393,Jennifer Williams,0,0.0,0,-1
1450788,Michelle Williams,8,3.4,3.3,-1
2228243,Korey Williams,1,3.0,4,0
2435205,Amy Williams,3,5.0,3.7,100
209141,Charles Williamson,28,4.4,2.7,85.7143
636246,Jim Williamson,8,4.8,2.9,-1
743632,David Williamson,9,5.0,2.8,100
2169818,Justin Wilson,9,4.1,3.6,77.7778
2376442,Andrew Wilson,0,0.0,0,-1
1010006,Steve Winans,17,4.1,2.8,80
883523,David Winkler,9,4.4,2.6,100
1138923,Frank Wise,10,4.4,4,100
1629465,Johannes Wissel,1,2.0,5,-1
134422,Jennifer Wissink,274,3.3,3.3,38.5714
2234884,Peter Wissoker,0,0.0,0,-1
1145692,Peter Wittich,7,4.0,2.7,60
1442244,Dan Wohns,3,4.5,3.7,-1
154042,Peter Wolczanski,71,1.8,4.6,16.6667
2641360,Christopher Wolf,0,0.0,0,-1
633702,Steve Wolf,10,3.2,3.1,50
1907632,David Wolfe,1,2.0,2,0
2636535,Maria Wolfe,0,0.0,0,-1
2561178,Alice Wolff,1,5.0,2,100
965827,Zachary Wolfson,2,5.0,1.5,-1
2090775,Yuna Won,2,3.8,3.5,100
2358228,Andrea Won,5,3.6,3,60
782439,Shelley Wong,4,5.0,2,100
2338460,Kayue Wong,3,4.3,3,66.6667
1780953,Marjorie Wood,12,3.8,2.5,100
1728723,Dawn Woodard,5,2.3,4.2,-1
2278397,Joshua Woodard,0,0.0,0,-1
2145625,Kristina Workman,5,3.8,3.4,66.6667
2383656,Randy Worobo,1,5.0,3,100
1056853,Dagmawi Woubshet,12,4.8,2.8,-1
1542478,Mingming WU,5,2.8,3.2,100
1750969,Eugenia WU,0,0.0,0,-1
1779440,Peng Wu,5,2.6,3.2,-1
135315,Mark Wysocki,36,4.1,3.1,100
650289,Chris Xu,14,4.0,3.9,50
1710888,Hongye XU,0,0.0,0,-1
2492852,Xuewen Yan,2,3.0,2,50
1172077,Guang Yang,5,3.9,2.8,-1
2220315,Bo Yang,2,3.0,3.5,50
2442914,Xiaolong Yang,6,2.2,4,33.3333
2703337,Duanyi Yang,2,5.0,2.5,100
2657302,Nathan Yang,6,3.7,2.2,66.6667
484514,Joe Yavitt,20,4.2,1.8,100
2295586,Shuai Ye,3,2.0,4,0
2599166,Eric Yeung,0,0.0,0,-1
2496501,Scott Yonker,1,3.0,3,0
2216545,So-Yeon Yoon,2,4.5,4.5,100
2729051,Benjamin Yost,1,5.0,3,100
2544740,Fengqi You,117,4.9,3.5,91.5254
131116,Munther Younes,16,4.1,3.5,100
574143,Robert Young,4,3.6,5,-1
2472386,Patricia Young,3,4.0,3,100
2482035,Cristobal Young,7,3.6,1.7,71.4286
714047,Alan Young-Bryant,4,4.4,3.3,-1
1659197,Haiyuan YU,0,0.0,0,-1
474293,Connie Yuan,10,1.7,3.7,0
187591,Nicholas Zabaras,52,4.0,4.1,-1
250633,Ramin Zabih,18,3.5,3.1,50
872450,Samantha Zacher,11,4.6,3.3,100
313103,Dan Zaffran,9,3.9,3.1,-1
2556735,Inna Zakharevich,0,0.0,0,-1
202193,Kelly Zamudio,6,4.2,3.3,-1
2644294,Joe Zappa,3,2.0,4.7,33.3333
135559,Neal Zaslaw,10,4.0,2.9,-1
132224,David Zax,92,1.8,3.8,33.3333
963906,Vivian Zayas,39,3.5,4,55.5556
1979645,Draga Zec,1,3.5,3,-1
620736,Alan Zehnder,10,4.1,2.6,75
1121721,Dina Zemke,5,3.8,2,100
2746525,Brianna Zgurich,0,0.0,0,-1
1902534,Zhiru Zhang,7,4.2,2.8,83.3333
2651034,Yunhao Zhang,1,5.0,4,100
2745692,Cheng Zhang,1,1.0,5,0
1214298,"Ke ""max"" Zhang",7,2.7,3.6,50
2330562,Qing Zhao,1,5.0,3,100
2248526,Iris Zheng,2,1.0,4.5,50
1524233,Dennis Zhou,3,4.7,1.7,-1
2736887,Xin Zhou,1,2.0,2,50
194368,Tao Zhu,26,2.0,3.2,-1
1795003,Roseanna Zia,6,3.6,4.2,100
2000986,Nicolas Ziebarth,3,4.2,2.7,100
2490388,Malte Ziewitz,0,0.0,0,-1
1172023,Jolene Zigarovich,3,2.8,4,-1
629356,Hubert Zimmerman,6,3.2,2.8,-1
2379558,John Zinda,4,1.8,3.8,25
1989775,Stephen Zinder,2,3.2,3.5,0
598803,John Zissovicci,8,2.2,3.6,-1
1903952,Emily Zitek,10,4.1,2.6,100
1403262,Thomas Zittel,1,3.0,2,-1
2384073,Sasa Zivkovic,2,2.5,4.5,50
951234,Jeffrey Zorn,6,4.5,3.2,100
2090822,Brad Zukovic,1,4.0,1,100
2171095,David Zywina,11,4.6,2.9,100
